school_key,academic_year,event_type,sequence_no,title_zh,start_at,end_at,all_day
DS-01,2027-2028,open_day,1,開放日,2026-09-20T09:00:00+08:00,2026-09-20T16:00:00+08:00,true
DS-01,2027-2028,info_session,2,簡介會,2026-10-04T10:00:00+08:00,2026-10-04T12:00:00+08:00,false
DS-01,2027-2028,application_open,3,開放申請,2026-10-15T09:00:00+08:00,,true
DS-01,2027-2028,application_deadline,4,申請截止,2026-11-30T23:59:00+08:00,,false
DS-01,2027-2028,first_interview,5,一面,2026-12-12T09:00:00+08:00,2026-12-12T11:00:00+08:00,false
DS-01,2027-2028,second_interview,6,二面,2027-01-16T09:00:00+08:00,2027-01-16T11:00:00+08:00,false
DS-01,2027-2028,result_release,7,結果公佈,2027-02-06T09:00:00+08:00,,true
DS-02,2027-2028,open_day,1,開放日,2026-09-20T09:00:00+08:00,2026-09-20T16:00:00+08:00,true
DS-02,2027-2028,info_session,2,簡介會,2026-10-04T10:00:00+08:00,2026-10-04T12:00:00+08:00,false
DS-02,2027-2028,application_open,3,開放申請,2026-10-15T09:00:00+08:00,,true
DS-02,2027-2028,application_deadline,4,申請截止,2026-11-30T23:59:00+08:00,,false
DS-02,2027-2028,first_interview,5,一面,2026-12-12T09:00:00+08:00,2026-12-12T11:00:00+08:00,false
DS-02,2027-2028,second_interview,6,二面,2027-01-16T09:00:00+08:00,2027-01-16T11:00:00+08:00,false
DS-02,2027-2028,result_release,7,結果公佈,2027-02-06T09:00:00+08:00,,true
DS-03,2027-2028,open_day,1,開放日,2026-09-20T09:00:00+08:00,2026-09-20T16:00:00+08:00,true
DS-03,2027-2028,info_session,2,簡介會,2026-10-04T10:00:00+08:00,2026-10-04T12:00:00+08:00,false
DS-03,2027-2028,application_open,3,開放申請,2026-10-15T09:00:00+08:00,,true
DS-03,2027-2028,application_deadline,4,申請截止,2026-11-30T23:59:00+08:00,,false
DS-03,2027-2028,first_interview,5,一面,2026-12-12T09:00:00+08:00,2026-12-12T11:00:00+08:00,false
DS-03,2027-2028,second_interview,6,二面,2027-01-16T09:00:00+08:00,2027-01-16T11:00:00+08:00,false
DS-03,2027-2028,result_release,7,結果公佈,2027-02-06T09:00:00+08:00,,true
DS-04,2027-2028,open_day,1,開放日,2026-09-20T09:00:00+08:00,2026-09-20T16:00:00+08:00,true
DS-04,2027-2028,info_session,2,簡介會,2026-10-04T10:00:00+08:00,2026-10-04T12:00:00+08:00,false
DS-04,2027-2028,application_open,3,開放申請,2026-10-15T09:00:00+08:00,,true
DS-04,2027-2028,application_deadline,4,申請截止,2026-11-30T23:59:00+08:00,,false
DS-04,2027-2028,first_interview,5,一面,2026-12-12T09:00:00+08:00,2026-12-12T11:00:00+08:00,false
DS-04,2027-2028,second_interview,6,二面,2027-01-16T09:00:00+08:00,2027-01-16T11:00:00+08:00,false
DS-04,2027-2028,result_release,7,結果公佈,2027-02-06T09:00:00+08:00,,true
DS-05,2027-2028,open_day,1,開放日,2026-09-20T09:00:00+08:00,2026-09-20T16:00:00+08:00,true
DS-05,2027-2028,info_session,2,簡介會,2026-10-04T10:00:00+08:00,2026-10-04T12:00:00+08:00,false
DS-05,2027-2028,application_open,3,開放申請,2026-10-15T09:00:00+08:00,,true
DS-05,2027-2028,application_deadline,4,申請截止,2026-11-30T23:59:00+08:00,,false
DS-05,2027-2028,first_interview,5,一面,2026-12-12T09:00:00+08:00,2026-12-12T11:00:00+08:00,false
DS-05,2027-2028,second_interview,6,二面,2027-01-16T09:00:00+08:00,2027-01-16T11:00:00+08:00,false
DS-05,2027-2028,result_release,7,結果公佈,2027-02-06T09:00:00+08:00,,true
DS-06,2027-2028,open_day,1,開放日,2026-09-20T09:00:00+08:00,2026-09-20T16:00:00+08:00,true
DS-06,2027-2028,info_session,2,簡介會,2026-10-04T10:00:00+08:00,2026-10-04T12:00:00+08:00,false
DS-06,2027-2028,application_open,3,開放申請,2026-10-15T09:00:00+08:00,,true
DS-06,2027-2028,application_deadline,4,申請截止,2026-11-30T23:59:00+08:00,,false
DS-06,2027-2028,first_interview,5,一面,2026-12-12T09:00:00+08:00,2026-12-12T11:00:00+08:00,false
DS-06,2027-2028,second_interview,6,二面,2027-01-16T09:00:00+08:00,2027-01-16T11:00:00+08:00,false
DS-06,2027-2028,result_release,7,結果公佈,2027-02-06T09:00:00+08:00,,true
DS-07,2027-2028,open_day,1,開放日,2026-09-20T09:00:00+08:00,2026-09-20T16:00:00+08:00,true
DS-07,2027-2028,info_session,2,簡介會,2026-10-04T10:00:00+08:00,2026-10-04T12:00:00+08:00,false
DS-07,2027-2028,application_open,3,開放申請,2026-10-15T09:00:00+08:00,,true
DS-07,2027-2028,application_deadline,4,申請截止,2026-11-30T23:59:00+08:00,,false
DS-07,2027-2028,first_interview,5,一面,2026-12-12T09:00:00+08:00,2026-12-12T11:00:00+08:00,false
DS-07,2027-2028,second_interview,6,二面,2027-01-16T09:00:00+08:00,2027-01-16T11:00:00+08:00,false
DS-07,2027-2028,result_release,7,結果公佈,2027-02-06T09:00:00+08:00,,true
DS-08,2027-2028,open_day,1,開放日,2026-09-20T09:00:00+08:00,2026-09-20T16:00:00+08:00,true
DS-08,2027-2028,info_session,2,簡介會,2026-10-04T10:00:00+08:00,2026-10-04T12:00:00+08:00,false
DS-08,2027-2028,application_open,3,開放申請,2026-10-15T09:00:00+08:00,,true
DS-08,2027-2028,application_deadline,4,申請截止,2026-11-30T23:59:00+08:00,,false
DS-08,2027-2028,first_interview,5,一面,2026-12-12T09:00:00+08:00,2026-12-12T11:00:00+08:00,false
DS-08,2027-2028,second_interview,6,二面,2027-01-16T09:00:00+08:00,2027-01-16T11:00:00+08:00,false
DS-08,2027-2028,result_release,7,結果公佈,2027-02-06T09:00:00+08:00,,true
DS-09,2027-2028,open_day,1,開放日,2026-09-20T09:00:00+08:00,2026-09-20T16:00:00+08:00,true
DS-09,2027-2028,info_session,2,簡介會,2026-10-04T10:00:00+08:00,2026-10-04T12:00:00+08:00,false
DS-09,2027-2028,application_open,3,開放申請,2026-10-15T09:00:00+08:00,,true
DS-09,2027-2028,application_deadline,4,申請截止,2026-11-30T23:59:00+08:00,,false
DS-09,2027-2028,first_interview,5,一面,2026-12-12T09:00:00+08:00,2026-12-12T11:00:00+08:00,false
DS-09,2027-2028,second_interview,6,二面,2027-01-16T09:00:00+08:00,2027-01-16T11:00:00+08:00,false
DS-09,2027-2028,result_release,7,結果公佈,2027-02-06T09:00:00+08:00,,true
DS-10,2027-2028,open_day,1,開放日,2026-09-20T09:00:00+08:00,2026-09-20T16:00:00+08:00,true
DS-10,2027-2028,info_session,2,簡介會,2026-10-04T10:00:00+08:00,2026-10-04T12:00:00+08:00,false
DS-10,2027-2028,application_open,3,開放申請,2026-10-15T09:00:00+08:00,,true
DS-10,2027-2028,application_deadline,4,申請截止,2026-11-30T23:59:00+08:00,,false
DS-10,2027-2028,first_interview,5,一面,2026-12-12T09:00:00+08:00,2026-12-12T11:00:00+08:00,false
DS-10,2027-2028,second_interview,6,二面,2027-01-16T09:00:00+08:00,2027-01-16T11:00:00+08:00,false
DS-10,2027-2028,result_release,7,結果公佈,2027-02-06T09:00:00+08:00,,true
DS-11,2027-2028,open_day,1,開放日,2026-09-20T09:00:00+08:00,2026-09-20T16:00:00+08:00,true
DS-11,2027-2028,info_session,2,簡介會,2026-10-04T10:00:00+08:00,2026-10-04T12:00:00+08:00,false
DS-11,2027-2028,application_open,3,開放申請,2026-10-15T09:00:00+08:00,,true
DS-11,2027-2028,application_deadline,4,申請截止,2026-11-30T23:59:00+08:00,,false
DS-11,2027-2028,first_interview,5,一面,2026-12-12T09:00:00+08:00,2026-12-12T11:00:00+08:00,false
DS-11,2027-2028,second_interview,6,二面,2027-01-16T09:00:00+08:00,2027-01-16T11:00:00+08:00,false
DS-11,2027-2028,result_release,7,結果公佈,2027-02-06T09:00:00+08:00,,true
DS-12,2027-2028,open_day,1,開放日,2026-09-20T09:00:00+08:00,2026-09-20T16:00:00+08:00,true
DS-12,2027-2028,info_session,2,簡介會,2026-10-04T10:00:00+08:00,2026-10-04T12:00:00+08:00,false
DS-12,2027-2028,application_open,3,開放申請,2026-10-15T09:00:00+08:00,,true
DS-12,2027-2028,application_deadline,4,申請截止,2026-11-30T23:59:00+08:00,,false
DS-12,2027-2028,first_interview,5,一面,2026-12-12T09:00:00+08:00,2026-12-12T11:00:00+08:00,false
DS-12,2027-2028,second_interview,6,二面,2027-01-16T09:00:00+08:00,2027-01-16T11:00:00+08:00,false
DS-12,2027-2028,result_release,7,結果公佈,2027-02-06T09:00:00+08:00,,true
DS-13,2027-2028,open_day,1,開放日,2026-09-20T09:00:00+08:00,2026-09-20T16:00:00+08:00,true
DS-13,2027-2028,info_session,2,簡介會,2026-10-04T10:00:00+08:00,2026-10-04T12:00:00+08:00,false
DS-13,2027-2028,application_open,3,開放申請,2026-10-15T09:00:00+08:00,,true
DS-13,2027-2028,application_deadline,4,申請截止,2026-11-30T23:59:00+08:00,,false
DS-13,2027-2028,first_interview,5,一面,2026-12-12T09:00:00+08:00,2026-12-12T11:00:00+08:00,false
DS-13,2027-2028,second_interview,6,二面,2027-01-16T09:00:00+08:00,2027-01-16T11:00:00+08:00,false
DS-13,2027-2028,result_release,7,結果公佈,2027-02-06T09:00:00+08:00,,true
DS-14,2027-2028,open_day,1,開放日,2026-09-20T09:00:00+08:00,2026-09-20T16:00:00+08:00,true
DS-14,2027-2028,info_session,2,簡介會,2026-10-04T10:00:00+08:00,2026-10-04T12:00:00+08:00,false
DS-14,2027-2028,application_open,3,開放申請,2026-10-15T09:00:00+08:00,,true
DS-14,2027-2028,application_deadline,4,申請截止,2026-11-30T23:59:00+08:00,,false
DS-14,2027-2028,first_interview,5,一面,2026-12-12T09:00:00+08:00,2026-12-12T11:00:00+08:00,false
DS-14,2027-2028,second_interview,6,二面,2027-01-16T09:00:00+08:00,2027-01-16T11:00:00+08:00,false
DS-14,2027-2028,result_release,7,結果公佈,2027-02-06T09:00:00+08:00,,true
DS-15,2027-2028,open_day,1,開放日,2026-09-20T09:00:00+08:00,2026-09-20T16:00:00+08:00,true
DS-15,2027-2028,info_session,2,簡介會,2026-10-04T10:00:00+08:00,2026-10-04T12:00:00+08:00,false
DS-15,2027-2028,application_open,3,開放申請,2026-10-15T09:00:00+08:00,,true
DS-15,2027-2028,application_deadline,4,申請截止,2026-11-30T23:59:00+08:00,,false
DS-15,2027-2028,first_interview,5,一面,2026-12-12T09:00:00+08:00,2026-12-12T11:00:00+08:00,false
DS-15,2027-2028,second_interview,6,二面,2027-01-16T09:00:00+08:00,2027-01-16T11:00:00+08:00,false
DS-15,2027-2028,result_release,7,結果公佈,2027-02-06T09:00:00+08:00,,true
DS-16,2027-2028,open_day,1,開放日,2026-09-20T09:00:00+08:00,2026-09-20T16:00:00+08:00,true
DS-16,2027-2028,info_session,2,簡介會,2026-10-04T10:00:00+08:00,2026-10-04T12:00:00+08:00,false
DS-16,2027-2028,application_open,3,開放申請,2026-10-15T09:00:00+08:00,,true
DS-16,2027-2028,application_deadline,4,申請截止,2026-11-30T23:59:00+08:00,,false
DS-16,2027-2028,first_interview,5,一面,2026-12-12T09:00:00+08:00,2026-12-12T11:00:00+08:00,false
DS-16,2027-2028,second_interview,6,二面,2027-01-16T09:00:00+08:00,2027-01-16T11:00:00+08:00,false
DS-16,2027-2028,result_release,7,結果公佈,2027-02-06T09:00:00+08:00,,true
DS-17,2027-2028,open_day,1,開放日,2026-09-20T09:00:00+08:00,2026-09-20T16:00:00+08:00,true
DS-17,2027-2028,info_session,2,簡介會,2026-10-04T10:00:00+08:00,2026-10-04T12:00:00+08:00,false
DS-17,2027-2028,application_open,3,開放申請,2026-10-15T09:00:00+08:00,,true
DS-17,2027-2028,application_deadline,4,申請截止,2026-11-30T23:59:00+08:00,,false
DS-17,2027-2028,first_interview,5,一面,2026-12-12T09:00:00+08:00,2026-12-12T11:00:00+08:00,false
DS-17,2027-2028,second_interview,6,二面,2027-01-16T09:00:00+08:00,2027-01-16T11:00:00+08:00,false
DS-17,2027-2028,result_release,7,結果公佈,2027-02-06T09:00:00+08:00,,true
DS-18,2027-2028,open_day,1,開放日,2026-09-20T09:00:00+08:00,2026-09-20T16:00:00+08:00,true
DS-18,2027-2028,info_session,2,簡介會,2026-10-04T10:00:00+08:00,2026-10-04T12:00:00+08:00,false
DS-18,2027-2028,application_open,3,開放申請,2026-10-15T09:00:00+08:00,,true
DS-18,2027-2028,application_deadline,4,申請截止,2026-11-30T23:59:00+08:00,,false
DS-18,2027-2028,first_interview,5,一面,2026-12-12T09:00:00+08:00,2026-12-12T11:00:00+08:00,false
DS-18,2027-2028,second_interview,6,二面,2027-01-16T09:00:00+08:00,2027-01-16T11:00:00+08:00,false
DS-18,2027-2028,result_release,7,結果公佈,2027-02-06T09:00:00+08:00,,true
DS-19,2027-2028,open_day,1,開放日,2026-09-20T09:00:00+08:00,2026-09-20T16:00:00+08:00,true
DS-19,2027-2028,info_session,2,簡介會,2026-10-04T10:00:00+08:00,2026-10-04T12:00:00+08:00,false
DS-19,2027-2028,application_open,3,開放申請,2026-10-15T09:00:00+08:00,,true
DS-19,2027-2028,application_deadline,4,申請截止,2026-11-30T23:59:00+08:00,,false
DS-19,2027-2028,first_interview,5,一面,2026-12-12T09:00:00+08:00,2026-12-12T11:00:00+08:00,false
DS-19,2027-2028,second_interview,6,二面,2027-01-16T09:00:00+08:00,2027-01-16T11:00:00+08:00,false
DS-19,2027-2028,result_release,7,結果公佈,2027-02-06T09:00:00+08:00,,true
DS-20,2027-2028,open_day,1,開放日,2026-09-20T09:00:00+08:00,2026-09-20T16:00:00+08:00,true
DS-20,2027-2028,info_session,2,簡介會,2026-10-04T10:00:00+08:00,2026-10-04T12:00:00+08:00,false
DS-20,2027-2028,application_open,3,開放申請,2026-10-15T09:00:00+08:00,,true
DS-20,2027-2028,application_deadline,4,申請截止,2026-11-30T23:59:00+08:00,,false
DS-20,2027-2028,first_interview,5,一面,2026-12-12T09:00:00+08:00,2026-12-12T11:00:00+08:00,false
DS-20,2027-2028,second_interview,6,二面,2027-01-16T09:00:00+08:00,2027-01-16T11:00:00+08:00,false
DS-20,2027-2028,result_release,7,結果公佈,2027-02-06T09:00:00+08:00,,true
DS-21,2027-2028,open_day,1,開放日,2026-09-20T09:00:00+08:00,2026-09-20T16:00:00+08:00,true
DS-21,2027-2028,info_session,2,簡介會,2026-10-04T10:00:00+08:00,2026-10-04T12:00:00+08:00,false
DS-21,2027-2028,application_open,3,開放申請,2026-10-15T09:00:00+08:00,,true
DS-21,2027-2028,application_deadline,4,申請截止,2026-11-30T23:59:00+08:00,,false
DS-21,2027-2028,first_interview,5,一面,2026-12-12T09:00:00+08:00,2026-12-12T11:00:00+08:00,false
DS-21,2027-2028,second_interview,6,二面,2027-01-16T09:00:00+08:00,2027-01-16T11:00:00+08:00,false
DS-21,2027-2028,result_release,7,結果公佈,2027-02-06T09:00:00+08:00,,true
PRV-01,2027-2028,open_day,1,開放日,2026-09-20T09:00:00+08:00,2026-09-20T16:00:00+08:00,true
PRV-01,2027-2028,info_session,2,簡介會,2026-10-04T10:00:00+08:00,2026-10-04T12:00:00+08:00,false
PRV-01,2027-2028,application_open,3,開放申請,2026-10-15T09:00:00+08:00,,true
PRV-01,2027-2028,application_deadline,4,申請截止,2026-11-30T23:59:00+08:00,,false
PRV-01,2027-2028,first_interview,5,一面,2026-12-12T09:00:00+08:00,2026-12-12T11:00:00+08:00,false
PRV-01,2027-2028,second_interview,6,二面,2027-01-16T09:00:00+08:00,2027-01-16T11:00:00+08:00,false
PRV-01,2027-2028,result_release,7,結果公佈,2027-02-06T09:00:00+08:00,,true
PRV-02,2027-2028,open_day,1,開放日,2026-09-20T09:00:00+08:00,2026-09-20T16:00:00+08:00,true
PRV-02,2027-2028,info_session,2,簡介會,2026-10-04T10:00:00+08:00,2026-10-04T12:00:00+08:00,false
PRV-02,2027-2028,application_open,3,開放申請,2026-10-15T09:00:00+08:00,,true
PRV-02,2027-2028,application_deadline,4,申請截止,2026-11-30T23:59:00+08:00,,false
PRV-02,2027-2028,first_interview,5,一面,2026-12-12T09:00:00+08:00,2026-12-12T11:00:00+08:00,false
PRV-02,2027-2028,second_interview,6,二面,2027-01-16T09:00:00+08:00,2027-01-16T11:00:00+08:00,false
PRV-02,2027-2028,result_release,7,結果公佈,2027-02-06T09:00:00+08:00,,true
PRV-03,2027-2028,open_day,1,開放日,2026-09-20T09:00:00+08:00,2026-09-20T16:00:00+08:00,true
PRV-03,2027-2028,info_session,2,簡介會,2026-10-04T10:00:00+08:00,2026-10-04T12:00:00+08:00,false
PRV-03,2027-2028,application_open,3,開放申請,2026-10-15T09:00:00+08:00,,true
PRV-03,2027-2028,application_deadline,4,申請截止,2026-11-30T23:59:00+08:00,,false
PRV-03,2027-2028,first_interview,5,一面,2026-12-12T09:00:00+08:00,2026-12-12T11:00:00+08:00,false
PRV-03,2027-2028,second_interview,6,二面,2027-01-16T09:00:00+08:00,2027-01-16T11:00:00+08:00,false
PRV-03,2027-2028,result_release,7,結果公佈,2027-02-06T09:00:00+08:00,,true
PRV-04,2027-2028,open_day,1,開放日,2026-09-20T09:00:00+08:00,2026-09-20T16:00:00+08:00,true
PRV-04,2027-2028,info_session,2,簡介會,2026-10-04T10:00:00+08:00,2026-10-04T12:00:00+08:00,false
PRV-04,2027-2028,application_open,3,開放申請,2026-10-15T09:00:00+08:00,,true
PRV-04,2027-2028,application_deadline,4,申請截止,2026-11-30T23:59:00+08:00,,false
PRV-04,2027-2028,first_interview,5,一面,2026-12-12T09:00:00+08:00,2026-12-12T11:00:00+08:00,false
PRV-04,2027-2028,second_interview,6,二面,2027-01-16T09:00:00+08:00,2027-01-16T11:00:00+08:00,false
PRV-04,2027-2028,result_release,7,結果公佈,2027-02-06T09:00:00+08:00,,true
PRV-05,2027-2028,open_day,1,開放日,2026-09-20T09:00:00+08:00,2026-09-20T16:00:00+08:00,true
PRV-05,2027-2028,info_session,2,簡介會,2026-10-04T10:00:00+08:00,2026-10-04T12:00:00+08:00,false
PRV-05,2027-2028,application_open,3,開放申請,2026-10-15T09:00:00+08:00,,true
PRV-05,2027-2028,application_deadline,4,申請截止,2026-11-30T23:59:00+08:00,,false
PRV-05,2027-2028,first_interview,5,一面,2026-12-12T09:00:00+08:00,2026-12-12T11:00:00+08:00,false
PRV-05,2027-2028,second_interview,6,二面,2027-01-16T09:00:00+08:00,2027-01-16T11:00:00+08:00,false
PRV-05,2027-2028,result_release,7,結果公佈,2027-02-06T09:00:00+08:00,,true
PRV-06,2027-2028,open_day,1,開放日,2026-09-20T09:00:00+08:00,2026-09-20T16:00:00+08:00,true
PRV-06,2027-2028,info_session,2,簡介會,2026-10-04T10:00:00+08:00,2026-10-04T12:00:00+08:00,false
PRV-06,2027-2028,application_open,3,開放申請,2026-10-15T09:00:00+08:00,,true
PRV-06,2027-2028,application_deadline,4,申請截止,2026-11-30T23:59:00+08:00,,false
PRV-06,2027-2028,first_interview,5,一面,2026-12-12T09:00:00+08:00,2026-12-12T11:00:00+08:00,false
PRV-06,2027-2028,second_interview,6,二面,2027-01-16T09:00:00+08:00,2027-01-16T11:00:00+08:00,false
PRV-06,2027-2028,result_release,7,結果公佈,2027-02-06T09:00:00+08:00,,true
PRV-07,2027-2028,open_day,1,開放日,2026-09-20T09:00:00+08:00,2026-09-20T16:00:00+08:00,true
PRV-07,2027-2028,info_session,2,簡介會,2026-10-04T10:00:00+08:00,2026-10-04T12:00:00+08:00,false
PRV-07,2027-2028,application_open,3,開放申請,2026-10-15T09:00:00+08:00,,true
PRV-07,2027-2028,application_deadline,4,申請截止,2026-11-30T23:59:00+08:00,,false
PRV-07,2027-2028,first_interview,5,一面,2026-12-12T09:00:00+08:00,2026-12-12T11:00:00+08:00,false
PRV-07,2027-2028,second_interview,6,二面,2027-01-16T09:00:00+08:00,2027-01-16T11:00:00+08:00,false
PRV-07,2027-2028,result_release,7,結果公佈,2027-02-06T09:00:00+08:00,,true
PRV-08,2027-2028,open_day,1,開放日,2026-09-20T09:00:00+08:00,2026-09-20T16:00:00+08:00,true
PRV-08,2027-2028,info_session,2,簡介會,2026-10-04T10:00:00+08:00,2026-10-04T12:00:00+08:00,false
PRV-08,2027-2028,application_open,3,開放申請,2026-10-15T09:00:00+08:00,,true
PRV-08,2027-2028,application_deadline,4,申請截止,2026-11-30T23:59:00+08:00,,false
PRV-08,2027-2028,first_interview,5,一面,2026-12-12T09:00:00+08:00,2026-12-12T11:00:00+08:00,false
PRV-08,2027-2028,second_interview,6,二面,2027-01-16T09:00:00+08:00,2027-01-16T11:00:00+08:00,false
PRV-08,2027-2028,result_release,7,結果公佈,2027-02-06T09:00:00+08:00,,true
PRV-09,2027-2028,open_day,1,開放日,2026-09-20T09:00:00+08:00,2026-09-20T16:00:00+08:00,true
PRV-09,2027-2028,info_session,2,簡介會,2026-10-04T10:00:00+08:00,2026-10-04T12:00:00+08:00,false
PRV-09,2027-2028,application_open,3,開放申請,2026-10-15T09:00:00+08:00,,true
PRV-09,2027-2028,application_deadline,4,申請截止,2026-11-30T23:59:00+08:00,,false
PRV-09,2027-2028,first_interview,5,一面,2026-12-12T09:00:00+08:00,2026-12-12T11:00:00+08:00,false
PRV-09,2027-2028,second_interview,6,二面,2027-01-16T09:00:00+08:00,2027-01-16T11:00:00+08:00,false
PRV-09,2027-2028,result_release,7,結果公佈,2027-02-06T09:00:00+08:00,,true
PRV-10,2027-2028,open_day,1,開放日,2026-09-20T09:00:00+08:00,2026-09-20T16:00:00+08:00,true
PRV-10,2027-2028,info_session,2,簡介會,2026-10-04T10:00:00+08:00,2026-10-04T12:00:00+08:00,false
PRV-10,2027-2028,application_open,3,開放申請,2026-10-15T09:00:00+08:00,,true
PRV-10,2027-2028,application_deadline,4,申請截止,2026-11-30T23:59:00+08:00,,false
PRV-10,2027-2028,first_interview,5,一面,2026-12-12T09:00:00+08:00,2026-12-12T11:00:00+08:00,false
PRV-10,2027-2028,second_interview,6,二面,2027-01-16T09:00:00+08:00,2027-01-16T11:00:00+08:00,false
PRV-10,2027-2028,result_release,7,結果公佈,2027-02-06T09:00:00+08:00,,true
PRV-11,2027-2028,open_day,1,開放日,2026-09-20T09:00:00+08:00,2026-09-20T16:00:00+08:00,true
PRV-11,2027-2028,info_session,2,簡介會,2026-10-04T10:00:00+08:00,2026-10-04T12:00:00+08:00,false
PRV-11,2027-2028,application_open,3,開放申請,2026-10-15T09:00:00+08:00,,true
PRV-11,2027-2028,application_deadline,4,申請截止,2026-11-30T23:59:00+08:00,,false
PRV-11,2027-2028,first_interview,5,一面,2026-12-12T09:00:00+08:00,2026-12-12T11:00:00+08:00,false
PRV-11,2027-2028,second_interview,6,二面,2027-01-16T09:00:00+08:00,2027-01-16T11:00:00+08:00,false
PRV-11,2027-2028,result_release,7,結果公佈,2027-02-06T09:00:00+08:00,,true
PRV-12,2027-2028,open_day,1,開放日,2026-09-20T09:00:00+08:00,2026-09-20T16:00:00+08:00,true
PRV-12,2027-2028,info_session,2,簡介會,2026-10-04T10:00:00+08:00,2026-10-04T12:00:00+08:00,false
PRV-12,2027-2028,application_open,3,開放申請,2026-10-15T09:00:00+08:00,,true
PRV-12,2027-2028,application_deadline,4,申請截止,2026-11-30T23:59:00+08:00,,false
PRV-12,2027-2028,first_interview,5,一面,2026-12-12T09:00:00+08:00,2026-12-12T11:00:00+08:00,false
PRV-12,2027-2028,second_interview,6,二面,2027-01-16T09:00:00+08:00,2027-01-16T11:00:00+08:00,false
PRV-12,2027-2028,result_release,7,結果公佈,2027-02-06T09:00:00+08:00,,true
PRV-13,2027-2028,open_day,1,開放日,2026-09-20T09:00:00+08:00,2026-09-20T16:00:00+08:00,true
PRV-13,2027-2028,info_session,2,簡介會,2026-10-04T10:00:00+08:00,2026-10-04T12:00:00+08:00,false
PRV-13,2027-2028,application_open,3,開放申請,2026-10-15T09:00:00+08:00,,true
PRV-13,2027-2028,application_deadline,4,申請截止,2026-11-30T23:59:00+08:00,,false
PRV-13,2027-2028,first_interview,5,一面,2026-12-12T09:00:00+08:00,2026-12-12T11:00:00+08:00,false
PRV-13,2027-2028,second_interview,6,二面,2027-01-16T09:00:00+08:00,2027-01-16T11:00:00+08:00,false
PRV-13,2027-2028,result_release,7,結果公佈,2027-02-06T09:00:00+08:00,,true
PRV-14,2027-2028,open_day,1,開放日,2026-09-20T09:00:00+08:00,2026-09-20T16:00:00+08:00,true
PRV-14,2027-2028,info_session,2,簡介會,2026-10-04T10:00:00+08:00,2026-10-04T12:00:00+08:00,false
PRV-14,2027-2028,application_open,3,開放申請,2026-10-15T09:00:00+08:00,,true
PRV-14,2027-2028,application_deadline,4,申請截止,2026-11-30T23:59:00+08:00,,false
PRV-14,2027-2028,first_interview,5,一面,2026-12-12T09:00:00+08:00,2026-12-12T11:00:00+08:00,false
PRV-14,2027-2028,second_interview,6,二面,2027-01-16T09:00:00+08:00,2027-01-16T11:00:00+08:00,false
PRV-14,2027-2028,result_release,7,結果公佈,2027-02-06T09:00:00+08:00,,true
PRV-15,2027-2028,open_day,1,開放日,2026-09-20T09:00:00+08:00,2026-09-20T16:00:00+08:00,true
PRV-15,2027-2028,info_session,2,簡介會,2026-10-04T10:00:00+08:00,2026-10-04T12:00:00+08:00,false
PRV-15,2027-2028,application_open,3,開放申請,2026-10-15T09:00:00+08:00,,true
PRV-15,2027-2028,application_deadline,4,申請截止,2026-11-30T23:59:00+08:00,,false
PRV-15,2027-2028,first_interview,5,一面,2026-12-12T09:00:00+08:00,2026-12-12T11:00:00+08:00,false
PRV-15,2027-2028,second_interview,6,二面,2027-01-16T09:00:00+08:00,2027-01-16T11:00:00+08:00,false
PRV-15,2027-2028,result_release,7,結果公佈,2027-02-06T09:00:00+08:00,,true
PRV-16,2027-2028,open_day,1,開放日,2026-09-20T09:00:00+08:00,2026-09-20T16:00:00+08:00,true
PRV-16,2027-2028,info_session,2,簡介會,2026-10-04T10:00:00+08:00,2026-10-04T12:00:00+08:00,false
PRV-16,2027-2028,application_open,3,開放申請,2026-10-15T09:00:00+08:00,,true
PRV-16,2027-2028,application_deadline,4,申請截止,2026-11-30T23:59:00+08:00,,false
PRV-16,2027-2028,first_interview,5,一面,2026-12-12T09:00:00+08:00,2026-12-12T11:00:00+08:00,false
PRV-16,2027-2028,second_interview,6,二面,2027-01-16T09:00:00+08:00,2027-01-16T11:00:00+08:00,false
PRV-16,2027-2028,result_release,7,結果公佈,2027-02-06T09:00:00+08:00,,true
PRV-17,2027-2028,open_day,1,開放日,2026-09-20T09:00:00+08:00,2026-09-20T16:00:00+08:00,true
PRV-17,2027-2028,info_session,2,簡介會,2026-10-04T10:00:00+08:00,2026-10-04T12:00:00+08:00,false
PRV-17,2027-2028,application_open,3,開放申請,2026-10-15T09:00:00+08:00,,true
PRV-17,2027-2028,application_deadline,4,申請截止,2026-11-30T23:59:00+08:00,,false
PRV-17,2027-2028,first_interview,5,一面,2026-12-12T09:00:00+08:00,2026-12-12T11:00:00+08:00,false
PRV-17,2027-2028,second_interview,6,二面,2027-01-16T09:00:00+08:00,2027-01-16T11:00:00+08:00,false
PRV-17,2027-2028,result_release,7,結果公佈,2027-02-06T09:00:00+08:00,,true
PRV-18,2027-2028,open_day,1,開放日,2026-09-20T09:00:00+08:00,2026-09-20T16:00:00+08:00,true
PRV-18,2027-2028,info_session,2,簡介會,2026-10-04T10:00:00+08:00,2026-10-04T12:00:00+08:00,false
PRV-18,2027-2028,application_open,3,開放申請,2026-10-15T09:00:00+08:00,,true
PRV-18,2027-2028,application_deadline,4,申請截止,2026-11-30T23:59:00+08:00,,false
PRV-18,2027-2028,first_interview,5,一面,2026-12-12T09:00:00+08:00,2026-12-12T11:00:00+08:00,false
PRV-18,2027-2028,second_interview,6,二面,2027-01-16T09:00:00+08:00,2027-01-16T11:00:00+08:00,false
PRV-18,2027-2028,result_release,7,結果公佈,2027-02-06T09:00:00+08:00,,true
PRV-19,2027-2028,open_day,1,開放日,2026-09-20T09:00:00+08:00,2026-09-20T16:00:00+08:00,true
PRV-19,2027-2028,info_session,2,簡介會,2026-10-04T10:00:00+08:00,2026-10-04T12:00:00+08:00,false
PRV-19,2027-2028,application_open,3,開放申請,2026-10-15T09:00:00+08:00,,true
PRV-19,2027-2028,application_deadline,4,申請截止,2026-11-30T23:59:00+08:00,,false
PRV-19,2027-2028,first_interview,5,一面,2026-12-12T09:00:00+08:00,2026-12-12T11:00:00+08:00,false
PRV-19,2027-2028,second_interview,6,二面,2027-01-16T09:00:00+08:00,2027-01-16T11:00:00+08:00,false
PRV-19,2027-2028,result_release,7,結果公佈,2027-02-06T09:00:00+08:00,,true
PRV-20,2027-2028,open_day,1,開放日,2026-09-20T09:00:00+08:00,2026-09-20T16:00:00+08:00,true
PRV-20,2027-2028,info_session,2,簡介會,2026-10-04T10:00:00+08:00,2026-10-04T12:00:00+08:00,false
PRV-20,2027-2028,application_open,3,開放申請,2026-10-15T09:00:00+08:00,,true
PRV-20,2027-2028,application_deadline,4,申請截止,2026-11-30T23:59:00+08:00,,false
PRV-20,2027-2028,first_interview,5,一面,2026-12-12T09:00:00+08:00,2026-12-12T11:00:00+08:00,false
PRV-20,2027-2028,second_interview,6,二面,2027-01-16T09:00:00+08:00,2027-01-16T11:00:00+08:00,false
PRV-20,2027-2028,result_release,7,結果公佈,2027-02-06T09:00:00+08:00,,true
PRV-21,2027-2028,open_day,1,開放日,2026-09-20T09:00:00+08:00,2026-09-20T16:00:00+08:00,true
PRV-21,2027-2028,info_session,2,簡介會,2026-10-04T10:00:00+08:00,2026-10-04T12:00:00+08:00,false
PRV-21,2027-2028,application_open,3,開放申請,2026-10-15T09:00:00+08:00,,true
PRV-21,2027-2028,application_deadline,4,申請截止,2026-11-30T23:59:00+08:00,,false
PRV-21,2027-2028,first_interview,5,一面,2026-12-12T09:00:00+08:00,2026-12-12T11:00:00+08:00,false
PRV-21,2027-2028,second_interview,6,二面,2027-01-16T09:00:00+08:00,2027-01-16T11:00:00+08:00,false
PRV-21,2027-2028,result_release,7,結果公佈,2027-02-06T09:00:00+08:00,,true
PRV-22,2027-2028,open_day,1,開放日,2026-09-20T09:00:00+08:00,2026-09-20T16:00:00+08:00,true
PRV-22,2027-2028,info_session,2,簡介會,2026-10-04T10:00:00+08:00,2026-10-04T12:00:00+08:00,false
PRV-22,2027-2028,application_open,3,開放申請,2026-10-15T09:00:00+08:00,,true
PRV-22,2027-2028,application_deadline,4,申請截止,2026-11-30T23:59:00+08:00,,false
PRV-22,2027-2028,first_interview,5,一面,2026-12-12T09:00:00+08:00,2026-12-12T11:00:00+08:00,false
PRV-22,2027-2028,second_interview,6,二面,2027-01-16T09:00:00+08:00,2027-01-16T11:00:00+08:00,false
PRV-22,2027-2028,result_release,7,結果公佈,2027-02-06T09:00:00+08:00,,true
PRV-23,2027-2028,open_day,1,開放日,2026-09-20T09:00:00+08:00,2026-09-20T16:00:00+08:00,true
PRV-23,2027-2028,info_session,2,簡介會,2026-10-04T10:00:00+08:00,2026-10-04T12:00:00+08:00,false
PRV-23,2027-2028,application_open,3,開放申請,2026-10-15T09:00:00+08:00,,true
PRV-23,2027-2028,application_deadline,4,申請截止,2026-11-30T23:59:00+08:00,,false
PRV-23,2027-2028,first_interview,5,一面,2026-12-12T09:00:00+08:00,2026-12-12T11:00:00+08:00,false
PRV-23,2027-2028,second_interview,6,二面,2027-01-16T09:00:00+08:00,2027-01-16T11:00:00+08:00,false
PRV-23,2027-2028,result_release,7,結果公佈,2027-02-06T09:00:00+08:00,,true
PRV-24,2027-2028,open_day,1,開放日,2026-09-20T09:00:00+08:00,2026-09-20T16:00:00+08:00,true
PRV-24,2027-2028,info_session,2,簡介會,2026-10-04T10:00:00+08:00,2026-10-04T12:00:00+08:00,false
PRV-24,2027-2028,application_open,3,開放申請,2026-10-15T09:00:00+08:00,,true
PRV-24,2027-2028,application_deadline,4,申請截止,2026-11-30T23:59:00+08:00,,false
PRV-24,2027-2028,first_interview,5,一面,2026-12-12T09:00:00+08:00,2026-12-12T11:00:00+08:00,false
PRV-24,2027-2028,second_interview,6,二面,2027-01-16T09:00:00+08:00,2027-01-16T11:00:00+08:00,false
PRV-24,2027-2028,result_release,7,結果公佈,2027-02-06T09:00:00+08:00,,true
PRV-25,2027-2028,open_day,1,開放日,2026-09-20T09:00:00+08:00,2026-09-20T16:00:00+08:00,true
PRV-25,2027-2028,info_session,2,簡介會,2026-10-04T10:00:00+08:00,2026-10-04T12:00:00+08:00,false
PRV-25,2027-2028,application_open,3,開放申請,2026-10-15T09:00:00+08:00,,true
PRV-25,2027-2028,application_deadline,4,申請截止,2026-11-30T23:59:00+08:00,,false
PRV-25,2027-2028,first_interview,5,一面,2026-12-12T09:00:00+08:00,2026-12-12T11:00:00+08:00,false
PRV-25,2027-2028,second_interview,6,二面,2027-01-16T09:00:00+08:00,2027-01-16T11:00:00+08:00,false
PRV-25,2027-2028,result_release,7,結果公佈,2027-02-06T09:00:00+08:00,,true
PRV-26,2027-2028,open_day,1,開放日,2026-09-20T09:00:00+08:00,2026-09-20T16:00:00+08:00,true
PRV-26,2027-2028,info_session,2,簡介會,2026-10-04T10:00:00+08:00,2026-10-04T12:00:00+08:00,false
PRV-26,2027-2028,application_open,3,開放申請,2026-10-15T09:00:00+08:00,,true
PRV-26,2027-2028,application_deadline,4,申請截止,2026-11-30T23:59:00+08:00,,false
PRV-26,2027-2028,first_interview,5,一面,2026-12-12T09:00:00+08:00,2026-12-12T11:00:00+08:00,false
PRV-26,2027-2028,second_interview,6,二面,2027-01-16T09:00:00+08:00,2027-01-16T11:00:00+08:00,false
PRV-26,2027-2028,result_release,7,結果公佈,2027-02-06T09:00:00+08:00,,true
PRV-27,2027-2028,open_day,1,開放日,2026-09-20T09:00:00+08:00,2026-09-20T16:00:00+08:00,true
PRV-27,2027-2028,info_session,2,簡介會,2026-10-04T10:00:00+08:00,2026-10-04T12:00:00+08:00,false
PRV-27,2027-2028,application_open,3,開放申請,2026-10-15T09:00:00+08:00,,true
PRV-27,2027-2028,application_deadline,4,申請截止,2026-11-30T23:59:00+08:00,,false
PRV-27,2027-2028,first_interview,5,一面,2026-12-12T09:00:00+08:00,2026-12-12T11:00:00+08:00,false
PRV-27,2027-2028,second_interview,6,二面,2027-01-16T09:00:00+08:00,2027-01-16T11:00:00+08:00,false
PRV-27,2027-2028,result_release,7,結果公佈,2027-02-06T09:00:00+08:00,,true
PRV-28,2027-2028,open_day,1,開放日,2026-09-20T09:00:00+08:00,2026-09-20T16:00:00+08:00,true
PRV-28,2027-2028,info_session,2,簡介會,2026-10-04T10:00:00+08:00,2026-10-04T12:00:00+08:00,false
PRV-28,2027-2028,application_open,3,開放申請,2026-10-15T09:00:00+08:00,,true
PRV-28,2027-2028,application_deadline,4,申請截止,2026-11-30T23:59:00+08:00,,false
PRV-28,2027-2028,first_interview,5,一面,2026-12-12T09:00:00+08:00,2026-12-12T11:00:00+08:00,false
PRV-28,2027-2028,second_interview,6,二面,2027-01-16T09:00:00+08:00,2027-01-16T11:00:00+08:00,false
PRV-28,2027-2028,result_release,7,結果公佈,2027-02-06T09:00:00+08:00,,true
PRV-29,2027-2028,open_day,1,開放日,2026-09-20T09:00:00+08:00,2026-09-20T16:00:00+08:00,true
PRV-29,2027-2028,info_session,2,簡介會,2026-10-04T10:00:00+08:00,2026-10-04T12:00:00+08:00,false
PRV-29,2027-2028,application_open,3,開放申請,2026-10-15T09:00:00+08:00,,true
PRV-29,2027-2028,application_deadline,4,申請截止,2026-11-30T23:59:00+08:00,,false
PRV-29,2027-2028,first_interview,5,一面,2026-12-12T09:00:00+08:00,2026-12-12T11:00:00+08:00,false
PRV-29,2027-2028,second_interview,6,二面,2027-01-16T09:00:00+08:00,2027-01-16T11:00:00+08:00,false
PRV-29,2027-2028,result_release,7,結果公佈,2027-02-06T09:00:00+08:00,,true
PRV-30,2027-2028,open_day,1,開放日,2026-09-20T09:00:00+08:00,2026-09-20T16:00:00+08:00,true
PRV-30,2027-2028,info_session,2,簡介會,2026-10-04T10:00:00+08:00,2026-10-04T12:00:00+08:00,false
PRV-30,2027-2028,application_open,3,開放申請,2026-10-15T09:00:00+08:00,,true
PRV-30,2027-2028,application_deadline,4,申請截止,2026-11-30T23:59:00+08:00,,false
PRV-30,2027-2028,first_interview,5,一面,2026-12-12T09:00:00+08:00,2026-12-12T11:00:00+08:00,false
PRV-30,2027-2028,second_interview,6,二面,2027-01-16T09:00:00+08:00,2027-01-16T11:00:00+08:00,false
PRV-30,2027-2028,result_release,7,結果公佈,2027-02-06T09:00:00+08:00,,true
PRV-31,2027-2028,open_day,1,開放日,2026-09-20T09:00:00+08:00,2026-09-20T16:00:00+08:00,true
PRV-31,2027-2028,info_session,2,簡介會,2026-10-04T10:00:00+08:00,2026-10-04T12:00:00+08:00,false
PRV-31,2027-2028,application_open,3,開放申請,2026-10-15T09:00:00+08:00,,true
PRV-31,2027-2028,application_deadline,4,申請截止,2026-11-30T23:59:00+08:00,,false
PRV-31,2027-2028,first_interview,5,一面,2026-12-12T09:00:00+08:00,2026-12-12T11:00:00+08:00,false
PRV-31,2027-2028,second_interview,6,二面,2027-01-16T09:00:00+08:00,2027-01-16T11:00:00+08:00,false
PRV-31,2027-2028,result_release,7,結果公佈,2027-02-06T09:00:00+08:00,,true
PRV-32,2027-2028,open_day,1,開放日,2026-09-20T09:00:00+08:00,2026-09-20T16:00:00+08:00,true
PRV-32,2027-2028,info_session,2,簡介會,2026-10-04T10:00:00+08:00,2026-10-04T12:00:00+08:00,false
PRV-32,2027-2028,application_open,3,開放申請,2026-10-15T09:00:00+08:00,,true
PRV-32,2027-2028,application_deadline,4,申請截止,2026-11-30T23:59:00+08:00,,false
PRV-32,2027-2028,first_interview,5,一面,2026-12-12T09:00:00+08:00,2026-12-12T11:00:00+08:00,false
PRV-32,2027-2028,second_interview,6,二面,2027-01-16T09:00:00+08:00,2027-01-16T11:00:00+08:00,false
PRV-32,2027-2028,result_release,7,結果公佈,2027-02-06T09:00:00+08:00,,true
PRV-33,2027-2028,open_day,1,開放日,2026-09-20T09:00:00+08:00,2026-09-20T16:00:00+08:00,true
PRV-33,2027-2028,info_session,2,簡介會,2026-10-04T10:00:00+08:00,2026-10-04T12:00:00+08:00,false
PRV-33,2027-2028,application_open,3,開放申請,2026-10-15T09:00:00+08:00,,true
PRV-33,2027-2028,application_deadline,4,申請截止,2026-11-30T23:59:00+08:00,,false
PRV-33,2027-2028,first_interview,5,一面,2026-12-12T09:00:00+08:00,2026-12-12T11:00:00+08:00,false
PRV-33,2027-2028,second_interview,6,二面,2027-01-16T09:00:00+08:00,2027-01-16T11:00:00+08:00,false
PRV-33,2027-2028,result_release,7,結果公佈,2027-02-06T09:00:00+08:00,,true
PRV-34,2027-2028,open_day,1,開放日,2026-09-20T09:00:00+08:00,2026-09-20T16:00:00+08:00,true
PRV-34,2027-2028,info_session,2,簡介會,2026-10-04T10:00:00+08:00,2026-10-04T12:00:00+08:00,false
PRV-34,2027-2028,application_open,3,開放申請,2026-10-15T09:00:00+08:00,,true
PRV-34,2027-2028,application_deadline,4,申請截止,2026-11-30T23:59:00+08:00,,false
PRV-34,2027-2028,first_interview,5,一面,2026-12-12T09:00:00+08:00,2026-12-12T11:00:00+08:00,false
PRV-34,2027-2028,second_interview,6,二面,2027-01-16T09:00:00+08:00,2027-01-16T11:00:00+08:00,false
PRV-34,2027-2028,result_release,7,結果公佈,2027-02-06T09:00:00+08:00,,true
PRV-35,2027-2028,open_day,1,開放日,2026-09-20T09:00:00+08:00,2026-09-20T16:00:00+08:00,true
PRV-35,2027-2028,info_session,2,簡介會,2026-10-04T10:00:00+08:00,2026-10-04T12:00:00+08:00,false
PRV-35,2027-2028,application_open,3,開放申請,2026-10-15T09:00:00+08:00,,true
PRV-35,2027-2028,application_deadline,4,申請截止,2026-11-30T23:59:00+08:00,,false
PRV-35,2027-2028,first_interview,5,一面,2026-12-12T09:00:00+08:00,2026-12-12T11:00:00+08:00,false
PRV-35,2027-2028,second_interview,6,二面,2027-01-16T09:00:00+08:00,2027-01-16T11:00:00+08:00,false
PRV-35,2027-2028,result_release,7,結果公佈,2027-02-06T09:00:00+08:00,,true
PRV-36,2027-2028,open_day,1,開放日,2026-09-20T09:00:00+08:00,2026-09-20T16:00:00+08:00,true
PRV-36,2027-2028,info_session,2,簡介會,2026-10-04T10:00:00+08:00,2026-10-04T12:00:00+08:00,false
PRV-36,2027-2028,application_open,3,開放申請,2026-10-15T09:00:00+08:00,,true
PRV-36,2027-2028,application_deadline,4,申請截止,2026-11-30T23:59:00+08:00,,false
PRV-36,2027-2028,first_interview,5,一面,2026-12-12T09:00:00+08:00,2026-12-12T11:00:00+08:00,false
PRV-36,2027-2028,second_interview,6,二面,2027-01-16T09:00:00+08:00,2027-01-16T11:00:00+08:00,false
PRV-36,2027-2028,result_release,7,結果公佈,2027-02-06T09:00:00+08:00,,true
PRV-37,2027-2028,open_day,1,開放日,2026-09-20T09:00:00+08:00,2026-09-20T16:00:00+08:00,true
PRV-37,2027-2028,info_session,2,簡介會,2026-10-04T10:00:00+08:00,2026-10-04T12:00:00+08:00,false
PRV-37,2027-2028,application_open,3,開放申請,2026-10-15T09:00:00+08:00,,true
PRV-37,2027-2028,application_deadline,4,申請截止,2026-11-30T23:59:00+08:00,,false
PRV-37,2027-2028,first_interview,5,一面,2026-12-12T09:00:00+08:00,2026-12-12T11:00:00+08:00,false
PRV-37,2027-2028,second_interview,6,二面,2027-01-16T09:00:00+08:00,2027-01-16T11:00:00+08:00,false
PRV-37,2027-2028,result_release,7,結果公佈,2027-02-06T09:00:00+08:00,,true
PRV-38,2027-2028,open_day,1,開放日,2026-09-20T09:00:00+08:00,2026-09-20T16:00:00+08:00,true
PRV-38,2027-2028,info_session,2,簡介會,2026-10-04T10:00:00+08:00,2026-10-04T12:00:00+08:00,false
PRV-38,2027-2028,application_open,3,開放申請,2026-10-15T09:00:00+08:00,,true
PRV-38,2027-2028,application_deadline,4,申請截止,2026-11-30T23:59:00+08:00,,false
PRV-38,2027-2028,first_interview,5,一面,2026-12-12T09:00:00+08:00,2026-12-12T11:00:00+08:00,false
PRV-38,2027-2028,second_interview,6,二面,2027-01-16T09:00:00+08:00,2027-01-16T11:00:00+08:00,false
PRV-38,2027-2028,result_release,7,結果公佈,2027-02-06T09:00:00+08:00,,true
PRV-39,2027-2028,open_day,1,開放日,2026-09-20T09:00:00+08:00,2026-09-20T16:00:00+08:00,true
PRV-39,2027-2028,info_session,2,簡介會,2026-10-04T10:00:00+08:00,2026-10-04T12:00:00+08:00,false
PRV-39,2027-2028,application_open,3,開放申請,2026-10-15T09:00:00+08:00,,true
PRV-39,2027-2028,application_deadline,4,申請截止,2026-11-30T23:59:00+08:00,,false
PRV-39,2027-2028,first_interview,5,一面,2026-12-12T09:00:00+08:00,2026-12-12T11:00:00+08:00,false
PRV-39,2027-2028,second_interview,6,二面,2027-01-16T09:00:00+08:00,2027-01-16T11:00:00+08:00,false
PRV-39,2027-2028,result_release,7,結果公佈,2027-02-06T09:00:00+08:00,,true
PRV-40,2027-2028,open_day,1,開放日,2026-09-20T09:00:00+08:00,2026-09-20T16:00:00+08:00,true
PRV-40,2027-2028,info_session,2,簡介會,2026-10-04T10:00:00+08:00,2026-10-04T12:00:00+08:00,false
PRV-40,2027-2028,application_open,3,開放申請,2026-10-15T09:00:00+08:00,,true
PRV-40,2027-2028,application_deadline,4,申請截止,2026-11-30T23:59:00+08:00,,false
PRV-40,2027-2028,first_interview,5,一面,2026-12-12T09:00:00+08:00,2026-12-12T11:00:00+08:00,false
PRV-40,2027-2028,second_interview,6,二面,2027-01-16T09:00:00+08:00,2027-01-16T11:00:00+08:00,false
PRV-40,2027-2028,result_release,7,結果公佈,2027-02-06T09:00:00+08:00,,true
PRV-41,2027-2028,open_day,1,開放日,2026-09-20T09:00:00+08:00,2026-09-20T16:00:00+08:00,true
PRV-41,2027-2028,info_session,2,簡介會,2026-10-04T10:00:00+08:00,2026-10-04T12:00:00+08:00,false
PRV-41,2027-2028,application_open,3,開放申請,2026-10-15T09:00:00+08:00,,true
PRV-41,2027-2028,application_deadline,4,申請截止,2026-11-30T23:59:00+08:00,,false
PRV-41,2027-2028,first_interview,5,一面,2026-12-12T09:00:00+08:00,2026-12-12T11:00:00+08:00,false
PRV-41,2027-2028,second_interview,6,二面,2027-01-16T09:00:00+08:00,2027-01-16T11:00:00+08:00,false
PRV-41,2027-2028,result_release,7,結果公佈,2027-02-06T09:00:00+08:00,,true
PRV-42,2027-2028,open_day,1,開放日,2026-09-20T09:00:00+08:00,2026-09-20T16:00:00+08:00,true
PRV-42,2027-2028,info_session,2,簡介會,2026-10-04T10:00:00+08:00,2026-10-04T12:00:00+08:00,false
PRV-42,2027-2028,application_open,3,開放申請,2026-10-15T09:00:00+08:00,,true
PRV-42,2027-2028,application_deadline,4,申請截止,2026-11-30T23:59:00+08:00,,false
PRV-42,2027-2028,first_interview,5,一面,2026-12-12T09:00:00+08:00,2026-12-12T11:00:00+08:00,false
PRV-42,2027-2028,second_interview,6,二面,2027-01-16T09:00:00+08:00,2027-01-16T11:00:00+08:00,false
PRV-42,2027-2028,result_release,7,結果公佈,2027-02-06T09:00:00+08:00,,true
PRV-43,2027-2028,open_day,1,開放日,2026-09-20T09:00:00+08:00,2026-09-20T16:00:00+08:00,true
PRV-43,2027-2028,info_session,2,簡介會,2026-10-04T10:00:00+08:00,2026-10-04T12:00:00+08:00,false
PRV-43,2027-2028,application_open,3,開放申請,2026-10-15T09:00:00+08:00,,true
PRV-43,2027-2028,application_deadline,4,申請截止,2026-11-30T23:59:00+08:00,,false
PRV-43,2027-2028,first_interview,5,一面,2026-12-12T09:00:00+08:00,2026-12-12T11:00:00+08:00,false
PRV-43,2027-2028,second_interview,6,二面,2027-01-16T09:00:00+08:00,2027-01-16T11:00:00+08:00,false
PRV-43,2027-2028,result_release,7,結果公佈,2027-02-06T09:00:00+08:00,,true
PRV-44,2027-2028,open_day,1,開放日,2026-09-20T09:00:00+08:00,2026-09-20T16:00:00+08:00,true
PRV-44,2027-2028,info_session,2,簡介會,2026-10-04T10:00:00+08:00,2026-10-04T12:00:00+08:00,false
PRV-44,2027-2028,application_open,3,開放申請,2026-10-15T09:00:00+08:00,,true
PRV-44,2027-2028,application_deadline,4,申請截止,2026-11-30T23:59:00+08:00,,false
PRV-44,2027-2028,first_interview,5,一面,2026-12-12T09:00:00+08:00,2026-12-12T11:00:00+08:00,false
PRV-44,2027-2028,second_interview,6,二面,2027-01-16T09:00:00+08:00,2027-01-16T11:00:00+08:00,false
PRV-44,2027-2028,result_release,7,結果公佈,2027-02-06T09:00:00+08:00,,true
PRV-45,2027-2028,open_day,1,開放日,2026-09-20T09:00:00+08:00,2026-09-20T16:00:00+08:00,true
PRV-45,2027-2028,info_session,2,簡介會,2026-10-04T10:00:00+08:00,2026-10-04T12:00:00+08:00,false
PRV-45,2027-2028,application_open,3,開放申請,2026-10-15T09:00:00+08:00,,true
PRV-45,2027-2028,application_deadline,4,申請截止,2026-11-30T23:59:00+08:00,,false
PRV-45,2027-2028,first_interview,5,一面,2026-12-12T09:00:00+08:00,2026-12-12T11:00:00+08:00,false
PRV-45,2027-2028,second_interview,6,二面,2027-01-16T09:00:00+08:00,2027-01-16T11:00:00+08:00,false
PRV-45,2027-2028,result_release,7,結果公佈,2027-02-06T09:00:00+08:00,,true
PIS-01,2027-2028,open_day,1,開放日,2026-09-20T09:00:00+08:00,2026-09-20T16:00:00+08:00,true
PIS-01,2027-2028,info_session,2,簡介會,2026-10-04T10:00:00+08:00,2026-10-04T12:00:00+08:00,false
PIS-01,2027-2028,application_open,3,開放申請,2026-10-15T09:00:00+08:00,,true
PIS-01,2027-2028,application_deadline,4,申請截止,2026-11-30T23:59:00+08:00,,false
PIS-01,2027-2028,first_interview,5,一面,2026-12-12T09:00:00+08:00,2026-12-12T11:00:00+08:00,false
PIS-01,2027-2028,second_interview,6,二面,2027-01-16T09:00:00+08:00,2027-01-16T11:00:00+08:00,false
PIS-01,2027-2028,result_release,7,結果公佈,2027-02-06T09:00:00+08:00,,true
PIS-02,2027-2028,open_day,1,開放日,2026-09-20T09:00:00+08:00,2026-09-20T16:00:00+08:00,true
PIS-02,2027-2028,info_session,2,簡介會,2026-10-04T10:00:00+08:00,2026-10-04T12:00:00+08:00,false
PIS-02,2027-2028,application_open,3,開放申請,2026-10-15T09:00:00+08:00,,true
PIS-02,2027-2028,application_deadline,4,申請截止,2026-11-30T23:59:00+08:00,,false
PIS-02,2027-2028,first_interview,5,一面,2026-12-12T09:00:00+08:00,2026-12-12T11:00:00+08:00,false
PIS-02,2027-2028,second_interview,6,二面,2027-01-16T09:00:00+08:00,2027-01-16T11:00:00+08:00,false
PIS-02,2027-2028,result_release,7,結果公佈,2027-02-06T09:00:00+08:00,,true
PIS-03,2027-2028,open_day,1,開放日,2026-09-20T09:00:00+08:00,2026-09-20T16:00:00+08:00,true
PIS-03,2027-2028,info_session,2,簡介會,2026-10-04T10:00:00+08:00,2026-10-04T12:00:00+08:00,false
PIS-03,2027-2028,application_open,3,開放申請,2026-10-15T09:00:00+08:00,,true
PIS-03,2027-2028,application_deadline,4,申請截止,2026-11-30T23:59:00+08:00,,false
PIS-03,2027-2028,first_interview,5,一面,2026-12-12T09:00:00+08:00,2026-12-12T11:00:00+08:00,false
PIS-03,2027-2028,second_interview,6,二面,2027-01-16T09:00:00+08:00,2027-01-16T11:00:00+08:00,false
PIS-03,2027-2028,result_release,7,結果公佈,2027-02-06T09:00:00+08:00,,true
PIS-04,2027-2028,open_day,1,開放日,2026-09-20T09:00:00+08:00,2026-09-20T16:00:00+08:00,true
PIS-04,2027-2028,info_session,2,簡介會,2026-10-04T10:00:00+08:00,2026-10-04T12:00:00+08:00,false
PIS-04,2027-2028,application_open,3,開放申請,2026-10-15T09:00:00+08:00,,true
PIS-04,2027-2028,application_deadline,4,申請截止,2026-11-30T23:59:00+08:00,,false
PIS-04,2027-2028,first_interview,5,一面,2026-12-12T09:00:00+08:00,2026-12-12T11:00:00+08:00,false
PIS-04,2027-2028,second_interview,6,二面,2027-01-16T09:00:00+08:00,2027-01-16T11:00:00+08:00,false
PIS-04,2027-2028,result_release,7,結果公佈,2027-02-06T09:00:00+08:00,,true
PIS-05,2027-2028,open_day,1,開放日,2026-09-20T09:00:00+08:00,2026-09-20T16:00:00+08:00,true
PIS-05,2027-2028,info_session,2,簡介會,2026-10-04T10:00:00+08:00,2026-10-04T12:00:00+08:00,false
PIS-05,2027-2028,application_open,3,開放申請,2026-10-15T09:00:00+08:00,,true
PIS-05,2027-2028,application_deadline,4,申請截止,2026-11-30T23:59:00+08:00,,false
PIS-05,2027-2028,first_interview,5,一面,2026-12-12T09:00:00+08:00,2026-12-12T11:00:00+08:00,false
PIS-05,2027-2028,second_interview,6,二面,2027-01-16T09:00:00+08:00,2027-01-16T11:00:00+08:00,false
PIS-05,2027-2028,result_release,7,結果公佈,2027-02-06T09:00:00+08:00,,true
PIS-06,2027-2028,open_day,1,開放日,2026-09-20T09:00:00+08:00,2026-09-20T16:00:00+08:00,true
PIS-06,2027-2028,info_session,2,簡介會,2026-10-04T10:00:00+08:00,2026-10-04T12:00:00+08:00,false
PIS-06,2027-2028,application_open,3,開放申請,2026-10-15T09:00:00+08:00,,true
PIS-06,2027-2028,application_deadline,4,申請截止,2026-11-30T23:59:00+08:00,,false
PIS-06,2027-2028,first_interview,5,一面,2026-12-12T09:00:00+08:00,2026-12-12T11:00:00+08:00,false
PIS-06,2027-2028,second_interview,6,二面,2027-01-16T09:00:00+08:00,2027-01-16T11:00:00+08:00,false
PIS-06,2027-2028,result_release,7,結果公佈,2027-02-06T09:00:00+08:00,,true
PIS-07,2027-2028,open_day,1,開放日,2026-09-20T09:00:00+08:00,2026-09-20T16:00:00+08:00,true
PIS-07,2027-2028,info_session,2,簡介會,2026-10-04T10:00:00+08:00,2026-10-04T12:00:00+08:00,false
PIS-07,2027-2028,application_open,3,開放申請,2026-10-15T09:00:00+08:00,,true
PIS-07,2027-2028,application_deadline,4,申請截止,2026-11-30T23:59:00+08:00,,false
PIS-07,2027-2028,first_interview,5,一面,2026-12-12T09:00:00+08:00,2026-12-12T11:00:00+08:00,false
PIS-07,2027-2028,second_interview,6,二面,2027-01-16T09:00:00+08:00,2027-01-16T11:00:00+08:00,false
PIS-07,2027-2028,result_release,7,結果公佈,2027-02-06T09:00:00+08:00,,true
PIS-08,2027-2028,open_day,1,開放日,2026-09-20T09:00:00+08:00,2026-09-20T16:00:00+08:00,true
PIS-08,2027-2028,info_session,2,簡介會,2026-10-04T10:00:00+08:00,2026-10-04T12:00:00+08:00,false
PIS-08,2027-2028,application_open,3,開放申請,2026-10-15T09:00:00+08:00,,true
PIS-08,2027-2028,application_deadline,4,申請截止,2026-11-30T23:59:00+08:00,,false
PIS-08,2027-2028,first_interview,5,一面,2026-12-12T09:00:00+08:00,2026-12-12T11:00:00+08:00,false
PIS-08,2027-2028,second_interview,6,二面,2027-01-16T09:00:00+08:00,2027-01-16T11:00:00+08:00,false
PIS-08,2027-2028,result_release,7,結果公佈,2027-02-06T09:00:00+08:00,,true
INT-01,2027-2028,open_day,1,開放日,2026-09-20T09:00:00+08:00,2026-09-20T16:00:00+08:00,true
INT-01,2027-2028,info_session,2,簡介會,2026-10-04T10:00:00+08:00,2026-10-04T12:00:00+08:00,false
INT-01,2027-2028,application_open,3,開放申請,2026-10-15T09:00:00+08:00,,true
INT-01,2027-2028,application_deadline,4,申請截止,2026-11-30T23:59:00+08:00,,false
INT-01,2027-2028,first_interview,5,一面,2026-12-12T09:00:00+08:00,2026-12-12T11:00:00+08:00,false
INT-01,2027-2028,second_interview,6,二面,2027-01-16T09:00:00+08:00,2027-01-16T11:00:00+08:00,false
INT-01,2027-2028,result_release,7,結果公佈,2027-02-06T09:00:00+08:00,,true
INT-02,2027-2028,open_day,1,開放日,2026-09-20T09:00:00+08:00,2026-09-20T16:00:00+08:00,true
INT-02,2027-2028,info_session,2,簡介會,2026-10-04T10:00:00+08:00,2026-10-04T12:00:00+08:00,false
INT-02,2027-2028,application_open,3,開放申請,2026-10-15T09:00:00+08:00,,true
INT-02,2027-2028,application_deadline,4,申請截止,2026-11-30T23:59:00+08:00,,false
INT-02,2027-2028,first_interview,5,一面,2026-12-12T09:00:00+08:00,2026-12-12T11:00:00+08:00,false
INT-02,2027-2028,second_interview,6,二面,2027-01-16T09:00:00+08:00,2027-01-16T11:00:00+08:00,false
INT-02,2027-2028,result_release,7,結果公佈,2027-02-06T09:00:00+08:00,,true
INT-03,2027-2028,open_day,1,開放日,2026-09-20T09:00:00+08:00,2026-09-20T16:00:00+08:00,true
INT-03,2027-2028,info_session,2,簡介會,2026-10-04T10:00:00+08:00,2026-10-04T12:00:00+08:00,false
INT-03,2027-2028,application_open,3,開放申請,2026-10-15T09:00:00+08:00,,true
INT-03,2027-2028,application_deadline,4,申請截止,2026-11-30T23:59:00+08:00,,false
INT-03,2027-2028,first_interview,5,一面,2026-12-12T09:00:00+08:00,2026-12-12T11:00:00+08:00,false
INT-03,2027-2028,second_interview,6,二面,2027-01-16T09:00:00+08:00,2027-01-16T11:00:00+08:00,false
INT-03,2027-2028,result_release,7,結果公佈,2027-02-06T09:00:00+08:00,,true
INT-04,2027-2028,open_day,1,開放日,2026-09-20T09:00:00+08:00,2026-09-20T16:00:00+08:00,true
INT-04,2027-2028,info_session,2,簡介會,2026-10-04T10:00:00+08:00,2026-10-04T12:00:00+08:00,false
INT-04,2027-2028,application_open,3,開放申請,2026-10-15T09:00:00+08:00,,true
INT-04,2027-2028,application_deadline,4,申請截止,2026-11-30T23:59:00+08:00,,false
INT-04,2027-2028,first_interview,5,一面,2026-12-12T09:00:00+08:00,2026-12-12T11:00:00+08:00,false
INT-04,2027-2028,second_interview,6,二面,2027-01-16T09:00:00+08:00,2027-01-16T11:00:00+08:00,false
INT-04,2027-2028,result_release,7,結果公佈,2027-02-06T09:00:00+08:00,,true
INT-05,2027-2028,open_day,1,開放日,2026-09-20T09:00:00+08:00,2026-09-20T16:00:00+08:00,true
INT-05,2027-2028,info_session,2,簡介會,2026-10-04T10:00:00+08:00,2026-10-04T12:00:00+08:00,false
INT-05,2027-2028,application_open,3,開放申請,2026-10-15T09:00:00+08:00,,true
INT-05,2027-2028,application_deadline,4,申請截止,2026-11-30T23:59:00+08:00,,false
INT-05,2027-2028,first_interview,5,一面,2026-12-12T09:00:00+08:00,2026-12-12T11:00:00+08:00,false
INT-05,2027-2028,second_interview,6,二面,2027-01-16T09:00:00+08:00,2027-01-16T11:00:00+08:00,false
INT-05,2027-2028,result_release,7,結果公佈,2027-02-06T09:00:00+08:00,,true
INT-06,2027-2028,open_day,1,開放日,2026-09-20T09:00:00+08:00,2026-09-20T16:00:00+08:00,true
INT-06,2027-2028,info_session,2,簡介會,2026-10-04T10:00:00+08:00,2026-10-04T12:00:00+08:00,false
INT-06,2027-2028,application_open,3,開放申請,2026-10-15T09:00:00+08:00,,true
INT-06,2027-2028,application_deadline,4,申請截止,2026-11-30T23:59:00+08:00,,false
INT-06,2027-2028,first_interview,5,一面,2026-12-12T09:00:00+08:00,2026-12-12T11:00:00+08:00,false
INT-06,2027-2028,second_interview,6,二面,2027-01-16T09:00:00+08:00,2027-01-16T11:00:00+08:00,false
INT-06,2027-2028,result_release,7,結果公佈,2027-02-06T09:00:00+08:00,,true
INT-07,2027-2028,open_day,1,開放日,2026-09-20T09:00:00+08:00,2026-09-20T16:00:00+08:00,true
INT-07,2027-2028,info_session,2,簡介會,2026-10-04T10:00:00+08:00,2026-10-04T12:00:00+08:00,false
INT-07,2027-2028,application_open,3,開放申請,2026-10-15T09:00:00+08:00,,true
INT-07,2027-2028,application_deadline,4,申請截止,2026-11-30T23:59:00+08:00,,false
INT-07,2027-2028,first_interview,5,一面,2026-12-12T09:00:00+08:00,2026-12-12T11:00:00+08:00,false
INT-07,2027-2028,second_interview,6,二面,2027-01-16T09:00:00+08:00,2027-01-16T11:00:00+08:00,false
INT-07,2027-2028,result_release,7,結果公佈,2027-02-06T09:00:00+08:00,,true
INT-08,2027-2028,open_day,1,開放日,2026-09-20T09:00:00+08:00,2026-09-20T16:00:00+08:00,true
INT-08,2027-2028,info_session,2,簡介會,2026-10-04T10:00:00+08:00,2026-10-04T12:00:00+08:00,false
INT-08,2027-2028,application_open,3,開放申請,2026-10-15T09:00:00+08:00,,true
INT-08,2027-2028,application_deadline,4,申請截止,2026-11-30T23:59:00+08:00,,false
INT-08,2027-2028,first_interview,5,一面,2026-12-12T09:00:00+08:00,2026-12-12T11:00:00+08:00,false
INT-08,2027-2028,second_interview,6,二面,2027-01-16T09:00:00+08:00,2027-01-16T11:00:00+08:00,false
INT-08,2027-2028,result_release,7,結果公佈,2027-02-06T09:00:00+08:00,,true
INT-09,2027-2028,open_day,1,開放日,2026-09-20T09:00:00+08:00,2026-09-20T16:00:00+08:00,true
INT-09,2027-2028,info_session,2,簡介會,2026-10-04T10:00:00+08:00,2026-10-04T12:00:00+08:00,false
INT-09,2027-2028,application_open,3,開放申請,2026-10-15T09:00:00+08:00,,true
INT-09,2027-2028,application_deadline,4,申請截止,2026-11-30T23:59:00+08:00,,false
INT-09,2027-2028,first_interview,5,一面,2026-12-12T09:00:00+08:00,2026-12-12T11:00:00+08:00,false
INT-09,2027-2028,second_interview,6,二面,2027-01-16T09:00:00+08:00,2027-01-16T11:00:00+08:00,false
INT-09,2027-2028,result_release,7,結果公佈,2027-02-06T09:00:00+08:00,,true
INT-10,2027-2028,open_day,1,開放日,2026-09-20T09:00:00+08:00,2026-09-20T16:00:00+08:00,true
INT-10,2027-2028,info_session,2,簡介會,2026-10-04T10:00:00+08:00,2026-10-04T12:00:00+08:00,false
INT-10,2027-2028,application_open,3,開放申請,2026-10-15T09:00:00+08:00,,true
INT-10,2027-2028,application_deadline,4,申請截止,2026-11-30T23:59:00+08:00,,false
INT-10,2027-2028,first_interview,5,一面,2026-12-12T09:00:00+08:00,2026-12-12T11:00:00+08:00,false
INT-10,2027-2028,second_interview,6,二面,2027-01-16T09:00:00+08:00,2027-01-16T11:00:00+08:00,false
INT-10,2027-2028,result_release,7,結果公佈,2027-02-06T09:00:00+08:00,,true
INT-11,2027-2028,open_day,1,開放日,2026-09-20T09:00:00+08:00,2026-09-20T16:00:00+08:00,true
INT-11,2027-2028,info_session,2,簡介會,2026-10-04T10:00:00+08:00,2026-10-04T12:00:00+08:00,false
INT-11,2027-2028,application_open,3,開放申請,2026-10-15T09:00:00+08:00,,true
INT-11,2027-2028,application_deadline,4,申請截止,2026-11-30T23:59:00+08:00,,false
INT-11,2027-2028,first_interview,5,一面,2026-12-12T09:00:00+08:00,2026-12-12T11:00:00+08:00,false
INT-11,2027-2028,second_interview,6,二面,2027-01-16T09:00:00+08:00,2027-01-16T11:00:00+08:00,false
INT-11,2027-2028,result_release,7,結果公佈,2027-02-06T09:00:00+08:00,,true
INT-12,2027-2028,open_day,1,開放日,2026-09-20T09:00:00+08:00,2026-09-20T16:00:00+08:00,true
INT-12,2027-2028,info_session,2,簡介會,2026-10-04T10:00:00+08:00,2026-10-04T12:00:00+08:00,false
INT-12,2027-2028,application_open,3,開放申請,2026-10-15T09:00:00+08:00,,true
INT-12,2027-2028,application_deadline,4,申請截止,2026-11-30T23:59:00+08:00,,false
INT-12,2027-2028,first_interview,5,一面,2026-12-12T09:00:00+08:00,2026-12-12T11:00:00+08:00,false
INT-12,2027-2028,second_interview,6,二面,2027-01-16T09:00:00+08:00,2027-01-16T11:00:00+08:00,false
INT-12,2027-2028,result_release,7,結果公佈,2027-02-06T09:00:00+08:00,,true
INT-13,2027-2028,open_day,1,開放日,2026-09-20T09:00:00+08:00,2026-09-20T16:00:00+08:00,true
INT-13,2027-2028,info_session,2,簡介會,2026-10-04T10:00:00+08:00,2026-10-04T12:00:00+08:00,false
INT-13,2027-2028,application_open,3,開放申請,2026-10-15T09:00:00+08:00,,true
INT-13,2027-2028,application_deadline,4,申請截止,2026-11-30T23:59:00+08:00,,false
INT-13,2027-2028,first_interview,5,一面,2026-12-12T09:00:00+08:00,2026-12-12T11:00:00+08:00,false
INT-13,2027-2028,second_interview,6,二面,2027-01-16T09:00:00+08:00,2027-01-16T11:00:00+08:00,false
INT-13,2027-2028,result_release,7,結果公佈,2027-02-06T09:00:00+08:00,,true
INT-14,2027-2028,open_day,1,開放日,2026-09-20T09:00:00+08:00,2026-09-20T16:00:00+08:00,true
INT-14,2027-2028,info_session,2,簡介會,2026-10-04T10:00:00+08:00,2026-10-04T12:00:00+08:00,false
INT-14,2027-2028,application_open,3,開放申請,2026-10-15T09:00:00+08:00,,true
INT-14,2027-2028,application_deadline,4,申請截止,2026-11-30T23:59:00+08:00,,false
INT-14,2027-2028,first_interview,5,一面,2026-12-12T09:00:00+08:00,2026-12-12T11:00:00+08:00,false
INT-14,2027-2028,second_interview,6,二面,2027-01-16T09:00:00+08:00,2027-01-16T11:00:00+08:00,false
INT-14,2027-2028,result_release,7,結果公佈,2027-02-06T09:00:00+08:00,,true
INT-15,2027-2028,open_day,1,開放日,2026-09-20T09:00:00+08:00,2026-09-20T16:00:00+08:00,true
INT-15,2027-2028,info_session,2,簡介會,2026-10-04T10:00:00+08:00,2026-10-04T12:00:00+08:00,false
INT-15,2027-2028,application_open,3,開放申請,2026-10-15T09:00:00+08:00,,true
INT-15,2027-2028,application_deadline,4,申請截止,2026-11-30T23:59:00+08:00,,false
INT-15,2027-2028,first_interview,5,一面,2026-12-12T09:00:00+08:00,2026-12-12T11:00:00+08:00,false
INT-15,2027-2028,second_interview,6,二面,2027-01-16T09:00:00+08:00,2027-01-16T11:00:00+08:00,false
INT-15,2027-2028,result_release,7,結果公佈,2027-02-06T09:00:00+08:00,,true
INT-16,2027-2028,open_day,1,開放日,2026-09-20T09:00:00+08:00,2026-09-20T16:00:00+08:00,true
INT-16,2027-2028,info_session,2,簡介會,2026-10-04T10:00:00+08:00,2026-10-04T12:00:00+08:00,false
INT-16,2027-2028,application_open,3,開放申請,2026-10-15T09:00:00+08:00,,true
INT-16,2027-2028,application_deadline,4,申請截止,2026-11-30T23:59:00+08:00,,false
INT-16,2027-2028,first_interview,5,一面,2026-12-12T09:00:00+08:00,2026-12-12T11:00:00+08:00,false
INT-16,2027-2028,second_interview,6,二面,2027-01-16T09:00:00+08:00,2027-01-16T11:00:00+08:00,false
INT-16,2027-2028,result_release,7,結果公佈,2027-02-06T09:00:00+08:00,,true
INT-17,2027-2028,open_day,1,開放日,2026-09-20T09:00:00+08:00,2026-09-20T16:00:00+08:00,true
INT-17,2027-2028,info_session,2,簡介會,2026-10-04T10:00:00+08:00,2026-10-04T12:00:00+08:00,false
INT-17,2027-2028,application_open,3,開放申請,2026-10-15T09:00:00+08:00,,true
INT-17,2027-2028,application_deadline,4,申請截止,2026-11-30T23:59:00+08:00,,false
INT-17,2027-2028,first_interview,5,一面,2026-12-12T09:00:00+08:00,2026-12-12T11:00:00+08:00,false
INT-17,2027-2028,second_interview,6,二面,2027-01-16T09:00:00+08:00,2027-01-16T11:00:00+08:00,false
INT-17,2027-2028,result_release,7,結果公佈,2027-02-06T09:00:00+08:00,,true
INT-18,2027-2028,open_day,1,開放日,2026-09-20T09:00:00+08:00,2026-09-20T16:00:00+08:00,true
INT-18,2027-2028,info_session,2,簡介會,2026-10-04T10:00:00+08:00,2026-10-04T12:00:00+08:00,false
INT-18,2027-2028,application_open,3,開放申請,2026-10-15T09:00:00+08:00,,true
INT-18,2027-2028,application_deadline,4,申請截止,2026-11-30T23:59:00+08:00,,false
INT-18,2027-2028,first_interview,5,一面,2026-12-12T09:00:00+08:00,2026-12-12T11:00:00+08:00,false
INT-18,2027-2028,second_interview,6,二面,2027-01-16T09:00:00+08:00,2027-01-16T11:00:00+08:00,false
INT-18,2027-2028,result_release,7,結果公佈,2027-02-06T09:00:00+08:00,,true
INT-19,2027-2028,open_day,1,開放日,2026-09-20T09:00:00+08:00,2026-09-20T16:00:00+08:00,true
INT-19,2027-2028,info_session,2,簡介會,2026-10-04T10:00:00+08:00,2026-10-04T12:00:00+08:00,false
INT-19,2027-2028,application_open,3,開放申請,2026-10-15T09:00:00+08:00,,true
INT-19,2027-2028,application_deadline,4,申請截止,2026-11-30T23:59:00+08:00,,false
INT-19,2027-2028,first_interview,5,一面,2026-12-12T09:00:00+08:00,2026-12-12T11:00:00+08:00,false
INT-19,2027-2028,second_interview,6,二面,2027-01-16T09:00:00+08:00,2027-01-16T11:00:00+08:00,false
INT-19,2027-2028,result_release,7,結果公佈,2027-02-06T09:00:00+08:00,,true
INT-20,2027-2028,open_day,1,開放日,2026-09-20T09:00:00+08:00,2026-09-20T16:00:00+08:00,true
INT-20,2027-2028,info_session,2,簡介會,2026-10-04T10:00:00+08:00,2026-10-04T12:00:00+08:00,false
INT-20,2027-2028,application_open,3,開放申請,2026-10-15T09:00:00+08:00,,true
INT-20,2027-2028,application_deadline,4,申請截止,2026-11-30T23:59:00+08:00,,false
INT-20,2027-2028,first_interview,5,一面,2026-12-12T09:00:00+08:00,2026-12-12T11:00:00+08:00,false
INT-20,2027-2028,second_interview,6,二面,2027-01-16T09:00:00+08:00,2027-01-16T11:00:00+08:00,false
INT-20,2027-2028,result_release,7,結果公佈,2027-02-06T09:00:00+08:00,,true
