school_key,academic_year,event_type,sequence_no,title_zh,start_at,end_at,all_day,data_status,source_url,application_level,is_rolling_admission
DS-01,2027-2028,open_day,1,開放日,2026-05-02T08:15:00+08:00,2026-05-02T17:15:00+08:00,false,confirmed,https://www.hkugaps.edu.hk/tc/f/page/455/6587/sy_2027-2028_flow.pdf,primary,
DS-01,2027-2028,info_session,2,簡介會,2026-05-02T08:15:00+08:00,2026-05-02T17:15:00+08:00,false,confirmed,https://www.hkugaps.edu.hk/tc/f/page/455/6587/sy_2027-2028_flow.pdf,primary,
DS-01,2027-2028,application_open,3,申請開始,2026-05-02T13:00:00+08:00,,false,confirmed,https://www.hkugaps.edu.hk/tc/f/page/455/6587/sy_2027-2028_flow.pdf,primary,
DS-01,2027-2028,application_deadline,4,申請截止,2026-05-23T13:00:00+08:00,,false,confirmed,https://www.hkugaps.edu.hk/tc/f/page/455/6587/sy_2027-2028_flow.pdf,primary,
DS-01,2027-2028,first_interview,5,第一面,2026-09-23T00:00:00+08:00,,true,confirmed,https://www.hkugaps.edu.hk/tc/f/page/455/6587/sy_2027-2028_flow.pdf,primary,
DS-01,2027-2028,second_interview,6,第二面,,,true,tbd,https://www.hkugaps.edu.hk/tc/f/page/455/6587/sy_2027-2028_flow.pdf,primary,
DS-01,2027-2028,result_release,7,結果公佈,,,true,tbd,https://www.hkugaps.edu.hk/tc/f/page/455/6587/sy_2027-2028_flow.pdf,primary,
DS-02,2027-2028,open_day,1,開放日,,,true,tbd,,primary,
DS-02,2027-2028,info_session,2,簡介會,,,true,tbd,,primary,
DS-02,2027-2028,application_open,3,申請開始,,,true,tbd,,primary,
DS-02,2027-2028,application_deadline,4,申請截止,,,true,tbd,,primary,
DS-02,2027-2028,first_interview,5,第一面,,,true,tbd,,primary,
DS-02,2027-2028,second_interview,6,第二面,,,true,tbd,,primary,
DS-02,2027-2028,result_release,7,結果公佈,,,true,tbd,,primary,
DS-03,2027-2028,open_day,1,開放日,NA_EVENT,,true,na,https://www.spc-ps.edu.hk/page.php?id=88&mid=97,primary,
DS-03,2027-2028,info_session,2,簡介會,2026-06-27T09:00:00+08:00,2026-06-27T12:30:00+08:00,false,confirmed,https://www.spc-ps.edu.hk/page.php?id=88&mid=97,primary,
DS-03,2027-2028,application_open,3,申請開始,2026-07-27T10:00:00+08:00,,false,confirmed,https://www.spc-ps.edu.hk/page.php?id=88&mid=97,primary,
DS-03,2027-2028,application_deadline,4,申請截止,2026-08-14T22:00:00+08:00,,false,confirmed,https://www.spc-ps.edu.hk/page.php?id=88&mid=97,primary,
DS-03,2027-2028,first_interview,5,第一面,,,true,tbd,https://www.spc-ps.edu.hk/page.php?id=88&mid=97,primary,
DS-03,2027-2028,second_interview,6,第二面,,,true,tbd,https://www.spc-ps.edu.hk/page.php?id=88&mid=97,primary,
DS-03,2027-2028,result_release,7,結果公佈,,,true,tbd,https://www.spc-ps.edu.hk/page.php?id=88&mid=97,primary,
DS-04,2027-2028,open_day,1,開放日,NA_EVENT,,true,na,https://www.honwah.edu.hk/p1_admission/,primary,
DS-04,2027-2028,info_session,2,簡介會,NA_EVENT,,true,na,https://www.honwah.edu.hk/p1_admission/,primary,
DS-04,2027-2028,application_open,3,申請開始,2026-03-02T00:00:00+08:00,,true,confirmed,https://www.honwah.edu.hk/p1_admission/,primary,
DS-04,2027-2028,application_deadline,4,申請截止,2026-10-11T00:00:00+08:00,,true,confirmed,https://www.honwah.edu.hk/p1_admission/,primary,
DS-04,2027-2028,first_interview,5,第一面,2026-10-21T00:00:00+08:00,2026-10-24T00:00:00+08:00,true,confirmed,https://www.honwah.edu.hk/p1_admission/,primary,
DS-04,2027-2028,second_interview,6,第二面,,,true,tbd,https://www.honwah.edu.hk/p1_admission/,primary,
DS-04,2027-2028,result_release,7,結果公佈,2026-11-20T00:00:00+08:00,,true,confirmed,https://www.honwah.edu.hk/p1_admission/,primary,
DS-05,2027-2028,open_day,1,開放日,2026-02-08T12:00:00+08:00,2026-02-08T17:00:00+08:00,false,confirmed,https://www.dbspd.edu.hk/g1-admission,primary,
DS-05,2027-2028,info_session,2,簡介會,2026-08-29T10:00:00+08:00,2026-08-29T15:30:00+08:00,false,confirmed,https://www.dbspd.edu.hk/g1-admission,primary,
DS-05,2027-2028,application_open,3,申請開始,,,true,tbd,https://www.dbspd.edu.hk/g1-admission,primary,
DS-05,2027-2028,application_deadline,4,申請截止,,,true,tbd,https://www.dbspd.edu.hk/g1-admission,primary,
DS-05,2027-2028,first_interview,5,第一面,,,true,tbd,https://www.dbspd.edu.hk/g1-admission,primary,
DS-05,2027-2028,second_interview,6,第二面,,,true,tbd,https://www.dbspd.edu.hk/g1-admission,primary,
DS-05,2027-2028,result_release,7,結果公佈,,,true,tbd,https://www.dbspd.edu.hk/g1-admission,primary,
DS-06,2027-2028,open_day,1,開放日,NA_EVENT,,true,na,https://plklmceps.edu.hk/zh/入學須知/小一入學申請/,primary,
DS-06,2027-2028,info_session,2,簡介會,NA_EVENT,,true,na,https://plklmceps.edu.hk/zh/入學須知/小一入學申請/,primary,
DS-06,2027-2028,application_open,3,申請開始,2026-08-03T00:00:00+08:00,,true,confirmed,https://plklmceps.edu.hk/zh/入學須知/小一入學申請/,primary,
DS-06,2027-2028,application_deadline,4,申請截止,2026-09-22T00:00:00+08:00,,true,confirmed,https://plklmceps.edu.hk/zh/入學須知/小一入學申請/,primary,
DS-06,2027-2028,first_interview,5,第一面,2026-10-10T00:00:00+08:00,2026-10-11T00:00:00+08:00,true,confirmed,https://plklmceps.edu.hk/zh/入學須知/小一入學申請/,primary,
DS-06,2027-2028,second_interview,6,第二面,2026-11-14T00:00:00+08:00,,true,confirmed,https://plklmceps.edu.hk/zh/入學須知/小一入學申請/,primary,
DS-06,2027-2028,result_release,7,結果公佈,2027-01-06T00:00:00+08:00,,true,confirmed,https://plklmceps.edu.hk/zh/入學須知/小一入學申請/,primary,
DS-07,2027-2028,open_day,1,開放日,NA_EVENT,,true,na,https://www.plkctslps.edu.hk/tc/content.php?wid=87,primary,
DS-07,2027-2028,info_session,2,簡介會,NA_EVENT,,true,na,https://www.plkctslps.edu.hk/tc/content.php?wid=87,primary,
DS-07,2027-2028,application_open,3,申請開始,2026-08-05T10:00:00+08:00,,false,confirmed,https://www.plkctslps.edu.hk/tc/content.php?wid=87,primary,
DS-07,2027-2028,application_deadline,4,申請截止,2026-08-17T12:00:00+08:00,,false,confirmed,https://www.plkctslps.edu.hk/tc/content.php?wid=87,primary,
DS-07,2027-2028,first_interview,5,第一面,2026-10-17T00:00:00+08:00,2026-10-25T00:00:00+08:00,true,confirmed,https://www.plkctslps.edu.hk/tc/content.php?wid=87,primary,
DS-07,2027-2028,second_interview,6,第二面,2026-12-12T00:00:00+08:00,,true,confirmed,https://www.plkctslps.edu.hk/tc/content.php?wid=87,primary,
DS-07,2027-2028,result_release,7,結果公佈,2027-01-19T00:00:00+08:00,,true,confirmed,https://www.plkctslps.edu.hk/tc/content.php?wid=87,primary,
DS-08,2027-2028,open_day,1,開放日,NA_EVENT,,true,na,https://sites.google.com/yingwa.hk/ywps-2728-p1,primary,
DS-08,2027-2028,info_session,2,簡介會,2026-07-11T08:30:00+08:00,2026-07-11T12:45:00+08:00,false,confirmed,https://sites.google.com/yingwa.hk/ywps-2728-p1,primary,
DS-08,2027-2028,application_open,3,申請開始,2026-07-15T09:00:00+08:00,,false,confirmed,https://sites.google.com/yingwa.hk/ywps-2728-p1,primary,
DS-08,2027-2028,application_deadline,4,申請截止,2026-07-19T18:00:00+08:00,,false,confirmed,https://sites.google.com/yingwa.hk/ywps-2728-p1,primary,
DS-08,2027-2028,first_interview,5,第一面,2026-08-22T00:00:00+08:00,,true,confirmed,https://sites.google.com/yingwa.hk/ywps-2728-p1,primary,
DS-08,2027-2028,second_interview,6,第二面,,,true,tbd,https://sites.google.com/yingwa.hk/ywps-2728-p1,primary,
DS-08,2027-2028,result_release,7,結果公佈,,,true,tbd,https://sites.google.com/yingwa.hk/ywps-2728-p1,primary,
DS-09,2027-2028,open_day,1,開放日,NA_EVENT,,true,na,https://smcesps.edu.hk/en/?p=admission_p1,primary,
DS-09,2027-2028,info_session,2,簡介會,NA_EVENT,,true,na,https://smcesps.edu.hk/en/?p=admission_p1,primary,
DS-09,2027-2028,application_open,3,申請開始,2026-06-05T09:00:00+08:00,,false,confirmed,https://smcesps.edu.hk/en/?p=admission_p1,primary,
DS-09,2027-2028,application_deadline,4,申請截止,2026-10-05T17:00:00+08:00,,false,confirmed,https://smcesps.edu.hk/en/?p=admission_p1,primary,
DS-09,2027-2028,first_interview,5,第一面,,,true,tbd,https://smcesps.edu.hk/en/?p=admission_p1,primary,
DS-09,2027-2028,second_interview,6,第二面,,,true,tbd,https://smcesps.edu.hk/en/?p=admission_p1,primary,
DS-09,2027-2028,result_release,7,結果公佈,,,true,tbd,https://smcesps.edu.hk/en/?p=admission_p1,primary,
DS-10,2027-2028,open_day,1,開放日,,,true,tbd,https://www.fssas.edu.hk/tc/content.php?wid=227,primary,
DS-10,2027-2028,info_session,2,簡介會,,,true,tbd,https://www.fssas.edu.hk/tc/content.php?wid=227,primary,
DS-10,2027-2028,application_open,3,申請開始,,,true,tbd,https://www.fssas.edu.hk/tc/content.php?wid=227,primary,
DS-10,2027-2028,application_deadline,4,申請截止,,,true,tbd,https://www.fssas.edu.hk/tc/content.php?wid=227,primary,
DS-10,2027-2028,first_interview,5,第一面,,,true,tbd,https://www.fssas.edu.hk/tc/content.php?wid=227,primary,
DS-10,2027-2028,second_interview,6,第二面,,,true,tbd,https://www.fssas.edu.hk/tc/content.php?wid=227,primary,
DS-10,2027-2028,result_release,7,結果公佈,,,true,tbd,https://www.fssas.edu.hk/tc/content.php?wid=227,primary,
DS-11,2027-2028,open_day,1,開放日,2026-05-09T00:00:00+08:00,2026-05-10T00:00:00+08:00,true,confirmed,https://www.luaaps.edu.hk/article/270/23,primary,
DS-11,2027-2028,info_session,2,簡介會,NA_EVENT,,true,na,https://www.luaaps.edu.hk/article/270/23,primary,
DS-11,2027-2028,application_open,3,申請開始,2026-04-01T00:00:00+08:00,,true,confirmed,https://www.luaaps.edu.hk/article/270/23,primary,
DS-11,2027-2028,application_deadline,4,申請截止,2026-08-01T00:00:00+08:00,,true,confirmed,https://www.luaaps.edu.hk/article/270/23,primary,
DS-11,2027-2028,first_interview,5,第一面,2026-08-29T00:00:00+08:00,,true,confirmed,https://www.luaaps.edu.hk/article/270/23,primary,
DS-11,2027-2028,second_interview,6,第二面,2026-09-12T00:00:00+08:00,,true,confirmed,https://www.luaaps.edu.hk/article/270/23,primary,
DS-11,2027-2028,result_release,7,結果公佈,,,true,tbd,https://www.luaaps.edu.hk/article/270/23,primary,
DS-12,2027-2028,open_day,1,開放日,NA_EVENT,,true,na,https://www.deliamk.edu.hk/,primary,
DS-12,2027-2028,info_session,2,簡介會,NA_EVENT,,true,na,https://www.deliamk.edu.hk/,primary,
DS-12,2027-2028,application_open,3,申請開始,2026-06-09T00:00:00+08:00,,true,confirmed,https://www.deliamk.edu.hk/,primary,
DS-12,2027-2028,application_deadline,4,申請截止,,,true,tbd,https://www.deliamk.edu.hk/,primary,
DS-12,2027-2028,first_interview,5,第一面,,,true,tbd,https://www.deliamk.edu.hk/,primary,
DS-12,2027-2028,second_interview,6,第二面,,,true,tbd,https://www.deliamk.edu.hk/,primary,
DS-12,2027-2028,result_release,7,結果公佈,,,true,tbd,https://www.deliamk.edu.hk/,primary,
DS-13,2027-2028,open_day,1,開放日,NA_EVENT,,true,na,https://www.wfjlps.edu.hk/tc/admission.php?id=595,primary,
DS-13,2027-2028,info_session,2,簡介會,2026-06-13T08:45:00+08:00,2026-06-13T13:30:00+08:00,false,confirmed,https://www.wfjlps.edu.hk/tc/admission.php?id=595,primary,
DS-13,2027-2028,application_open,3,申請開始,2026-06-15T12:00:00+08:00,,false,confirmed,https://www.wfjlps.edu.hk/tc/admission.php?id=595,primary,
DS-13,2027-2028,application_deadline,4,申請截止,2026-07-10T12:00:00+08:00,,false,confirmed,https://www.wfjlps.edu.hk/tc/admission.php?id=595,primary,
DS-13,2027-2028,first_interview,5,第一面,2026-09-04T00:00:00+08:00,2026-09-05T00:00:00+08:00,true,confirmed,https://www.wfjlps.edu.hk/tc/admission.php?id=595,primary,
DS-13,2027-2028,second_interview,6,第二面,2026-09-19T00:00:00+08:00,,true,confirmed,https://www.wfjlps.edu.hk/tc/admission.php?id=595,primary,
DS-13,2027-2028,result_release,7,結果公佈,2026-10-07T00:00:00+08:00,,true,confirmed,https://www.wfjlps.edu.hk/tc/admission.php?id=595,primary,
DS-14,2027-2028,open_day,1,開放日,NA_EVENT,,true,na,https://www.yyps.edu.hk/wp-content/uploads/2026/05/2027-2028-P1-Admission-Schedule-1-1-1.pdf,primary,
DS-14,2027-2028,info_session,2,簡介會,NA_EVENT,,true,na,https://www.yyps.edu.hk/wp-content/uploads/2026/05/2027-2028-P1-Admission-Schedule-1-1-1.pdf,primary,
DS-14,2027-2028,application_open,3,申請開始,2026-06-01T09:00:00+08:00,,false,confirmed,https://www.yyps.edu.hk/wp-content/uploads/2026/05/2027-2028-P1-Admission-Schedule-1-1-1.pdf,primary,
DS-14,2027-2028,application_deadline,4,申請截止,2026-09-06T15:00:00+08:00,,false,confirmed,https://www.yyps.edu.hk/wp-content/uploads/2026/05/2027-2028-P1-Admission-Schedule-1-1-1.pdf,primary,
DS-14,2027-2028,first_interview,5,第一面,2026-09-11T00:00:00+08:00,2026-09-12T00:00:00+08:00,true,confirmed,https://www.yyps.edu.hk/wp-content/uploads/2026/05/2027-2028-P1-Admission-Schedule-1-1-1.pdf,primary,
DS-14,2027-2028,second_interview,6,第二面,2026-10-03T00:00:00+08:00,,true,confirmed,https://www.yyps.edu.hk/wp-content/uploads/2026/05/2027-2028-P1-Admission-Schedule-1-1-1.pdf,primary,
DS-14,2027-2028,result_release,7,結果公佈,2026-10-09T00:00:00+08:00,,true,confirmed,https://www.yyps.edu.hk/wp-content/uploads/2026/05/2027-2028-P1-Admission-Schedule-1-1-1.pdf,primary,
DS-15,2027-2028,open_day,1,開放日,NA_EVENT,,true,na,https://www.plklht.edu.hk/article/519,primary,
DS-15,2027-2028,info_session,2,簡介會,2026-06-27T08:30:00+08:00,2026-06-27T13:30:00+08:00,false,confirmed,https://www.plklht.edu.hk/article/519,primary,
DS-15,2027-2028,application_open,3,申請開始,2026-06-30T11:00:00+08:00,,false,confirmed,https://www.plklht.edu.hk/article/519,primary,
DS-15,2027-2028,application_deadline,4,申請截止,2026-09-30T18:00:00+08:00,,false,confirmed,https://www.plklht.edu.hk/article/519,primary,
DS-15,2027-2028,first_interview,5,第一面,2026-10-24T00:00:00+08:00,2026-10-25T00:00:00+08:00,true,confirmed,https://www.plklht.edu.hk/article/519,primary,
DS-15,2027-2028,second_interview,6,第二面,2026-12-05T00:00:00+08:00,,true,confirmed,https://www.plklht.edu.hk/article/519,primary,
DS-15,2027-2028,result_release,7,結果公佈,,,true,tbd,https://www.plklht.edu.hk/article/519,primary,
DS-15,2027-2028,other,8,簡介會(第二場),2026-09-05T00:00:00+08:00,,true,confirmed,https://www.plklht.edu.hk/article/519,primary,
DS-16,2027-2028,open_day,1,開放日,2026-06-06T09:30:00+08:00,2026-06-06T15:30:00+08:00,false,confirmed,https://www.hkbuas.edu.hk/tc/g1-admission,primary,
DS-16,2027-2028,info_session,2,簡介會,2026-06-06T09:30:00+08:00,2026-06-06T14:45:00+08:00,false,confirmed,https://www.hkbuas.edu.hk/tc/g1-admission,primary,
DS-16,2027-2028,application_open,3,申請開始,2026-06-06T08:00:00+08:00,,false,confirmed,https://www.hkbuas.edu.hk/tc/g1-admission,primary,
DS-16,2027-2028,application_deadline,4,申請截止,2026-07-21T12:00:00+08:00,,false,confirmed,https://www.hkbuas.edu.hk/tc/g1-admission,primary,
DS-16,2027-2028,first_interview,5,第一面,,,true,tbd,https://www.hkbuas.edu.hk/tc/g1-admission,primary,
DS-16,2027-2028,second_interview,6,第二面,,,true,tbd,https://www.hkbuas.edu.hk/tc/g1-admission,primary,
DS-16,2027-2028,result_release,7,結果公佈,,,true,tbd,https://www.hkbuas.edu.hk/tc/g1-admission,primary,
DS-17,2027-2028,open_day,1,開放日,NA_EVENT,,true,na,https://logos.edu.hk/sc/primary-1-fs1,primary,
DS-17,2027-2028,info_session,2,簡介會,2026-05-16T10:00:00+08:00,2026-05-16T14:30:00+08:00,false,confirmed,https://logos.edu.hk/sc/primary-1-fs1,primary,
DS-17,2027-2028,application_open,3,申請開始,2026-05-19T00:00:00+08:00,,true,confirmed,https://logos.edu.hk/sc/primary-1-fs1,primary,
DS-17,2027-2028,application_deadline,4,申請截止,2026-06-30T09:00:00+08:00,,false,confirmed,https://logos.edu.hk/sc/primary-1-fs1,primary,
DS-17,2027-2028,first_interview,5,第一面,,,true,tbd,https://logos.edu.hk/sc/primary-1-fs1,primary,
DS-17,2027-2028,second_interview,6,第二面,,,true,tbd,https://logos.edu.hk/sc/primary-1-fs1,primary,
DS-17,2027-2028,result_release,7,結果公佈,,,true,tbd,https://logos.edu.hk/sc/primary-1-fs1,primary,
DS-18,2027-2028,open_day,1,開放日,NA_EVENT,,true,na,https://application.puikiucollege.edu.hk/event/3059,primary,
DS-18,2027-2028,info_session,2,簡介會,NA_EVENT,,true,na,https://application.puikiucollege.edu.hk/event/3059,primary,
DS-18,2027-2028,application_open,3,申請開始,2026-07-24T00:00:00+08:00,,true,confirmed,https://application.puikiucollege.edu.hk/event/3059,primary,
DS-18,2027-2028,application_deadline,4,申請截止,2026-09-18T00:00:00+08:00,,true,confirmed,https://application.puikiucollege.edu.hk/event/3059,primary,
DS-18,2027-2028,first_interview,5,第一面,2026-10-17T00:00:00+08:00,2026-10-18T00:00:00+08:00,true,confirmed,https://application.puikiucollege.edu.hk/event/3059,primary,
DS-18,2027-2028,second_interview,6,第二面,,,true,tbd,https://application.puikiucollege.edu.hk/event/3059,primary,
DS-18,2027-2028,result_release,7,結果公佈,,,true,tbd,https://application.puikiucollege.edu.hk/event/3059,primary,
DS-19,2027-2028,open_day,1,開放日,NA_EVENT,,true,na,https://www.luac.edu.hk/admission,primary,
DS-19,2027-2028,info_session,2,簡介會,2026-08-22T10:30:00+08:00,,false,confirmed,https://www.luac.edu.hk/admission,primary,
DS-19,2027-2028,application_open,3,申請開始,2026-06-22T00:00:00+08:00,,true,confirmed,https://www.luac.edu.hk/admission,primary,
DS-19,2027-2028,application_deadline,4,申請截止,2026-09-11T16:00:00+08:00,,false,confirmed,https://www.luac.edu.hk/admission,primary,
DS-19,2027-2028,first_interview,5,第一面,,,true,tbd,https://www.luac.edu.hk/admission,primary,
DS-19,2027-2028,second_interview,6,第二面,,,true,tbd,https://www.luac.edu.hk/admission,primary,
DS-19,2027-2028,result_release,7,結果公佈,,,true,tbd,https://www.luac.edu.hk/admission,primary,
DS-20,2027-2028,open_day,1,開放日,NA_EVENT,,true,na,https://www.evangel.edu.hk/admission2728_p1_chi.html,primary,
DS-20,2027-2028,info_session,2,簡介會,NA_EVENT,,true,na,https://www.evangel.edu.hk/admission2728_p1_chi.html,primary,
DS-20,2027-2028,application_open,3,申請開始,2026-06-15T14:00:00+08:00,,false,confirmed,https://www.evangel.edu.hk/admission2728_p1_chi.html,primary,
DS-20,2027-2028,application_deadline,4,申請截止,2026-07-31T16:00:00+08:00,,false,confirmed,https://www.evangel.edu.hk/admission2728_p1_chi.html,primary,
DS-20,2027-2028,first_interview,5,第一面,2026-09-12T00:00:00+08:00,2026-09-19T00:00:00+08:00,true,confirmed,https://www.evangel.edu.hk/admission2728_p1_chi.html,primary,
DS-20,2027-2028,second_interview,6,第二面,,,true,tbd,https://www.evangel.edu.hk/admission2728_p1_chi.html,primary,
DS-20,2027-2028,result_release,7,結果公佈,,,true,tbd,https://www.evangel.edu.hk/admission2728_p1_chi.html,primary,
DS-21,2027-2028,open_day,1,開放日,NA_EVENT,,true,na,https://main.gtschool.hk/admission/g1-2728/timeable/,primary,
DS-21,2027-2028,info_session,2,簡介會,2026-05-09T00:00:00+08:00,,true,confirmed,https://main.gtschool.hk/admission/g1-2728/timeable/,primary,
DS-21,2027-2028,application_open,3,申請開始,2026-05-09T00:00:00+08:00,,true,confirmed,https://main.gtschool.hk/admission/g1-2728/timeable/,primary,
DS-21,2027-2028,application_deadline,4,申請截止,2026-06-08T00:00:00+08:00,,true,confirmed,https://main.gtschool.hk/admission/g1-2728/timeable/,primary,
DS-21,2027-2028,first_interview,5,第一面,2026-06-27T00:00:00+08:00,2026-07-05T00:00:00+08:00,true,confirmed,https://main.gtschool.hk/admission/g1-2728/timeable/,primary,
DS-21,2027-2028,second_interview,6,第二面,,,true,tbd,https://main.gtschool.hk/admission/g1-2728/timeable/,primary,
DS-21,2027-2028,result_release,7,結果公佈,,,true,tbd,https://main.gtschool.hk/admission/g1-2728/timeable/,primary,
PIS-01,2027-2028,open_day,1,開放日,NA_EVENT,,true,na,https://gostudy.hk/49064/%E5%9C%8B%E9%9A%9B%E5%AD%B8%E6%A0%A1/%E5%9C%8B%E9%9A%9B%E5%AD%B8%E6%A0%A1%E2%94%82%E4%B8%80%E6%A2%9D%E9%BE%8Dib%E7%8B%80%E5%85%83%E6%90%96%E7%B1%83-%E6%BB%AC%E6%B1%9F%E7%B6%AD%E5%A4%9A%E5%88%A9%E4%BA%9E%E5%AD%B8%E6%A0%A1-%E5%8D%B3/,primary,
PIS-01,2027-2028,info_session,2,簡介會,NA_EVENT,,true,na,https://gostudy.hk/49064/%E5%9C%8B%E9%9A%9B%E5%AD%B8%E6%A0%A1/%E5%9C%8B%E9%9A%9B%E5%AD%B8%E6%A0%A1%E2%94%82%E4%B8%80%E6%A2%9D%E9%BE%8Dib%E7%8B%80%E5%85%83%E6%90%96%E7%B1%83-%E6%BB%AC%E6%B1%9F%E7%B6%AD%E5%A4%9A%E5%88%A9%E4%BA%9E%E5%AD%B8%E6%A0%A1-%E5%8D%B3/,primary,
PIS-01,2027-2028,application_open,3,申請開始,2025-09-19T00:00:00+08:00,,true,confirmed,https://gostudy.hk/49064/%E5%9C%8B%E9%9A%9B%E5%AD%B8%E6%A0%A1/%E5%9C%8B%E9%9A%9B%E5%AD%B8%E6%A0%A1%E2%94%82%E4%B8%80%E6%A2%9D%E9%BE%8Dib%E7%8B%80%E5%85%83%E6%90%96%E7%B1%83-%E6%BB%AC%E6%B1%9F%E7%B6%AD%E5%A4%9A%E5%88%A9%E4%BA%9E%E5%AD%B8%E6%A0%A1-%E5%8D%B3/,primary,
PIS-01,2027-2028,application_deadline,4,申請截止,2026-02-05T00:00:00+08:00,,true,confirmed,https://gostudy.hk/49064/%E5%9C%8B%E9%9A%9B%E5%AD%B8%E6%A0%A1/%E5%9C%8B%E9%9A%9B%E5%AD%B8%E6%A0%A1%E2%94%82%E4%B8%80%E6%A2%9D%E9%BE%8Dib%E7%8B%80%E5%85%83%E6%90%96%E7%B1%83-%E6%BB%AC%E6%B1%9F%E7%B6%AD%E5%A4%9A%E5%88%A9%E4%BA%9E%E5%AD%B8%E6%A0%A1-%E5%8D%B3/,primary,
PIS-01,2027-2028,first_interview,5,第一面,,,true,tbd,https://gostudy.hk/49064/%E5%9C%8B%E9%9A%9B%E5%AD%B8%E6%A0%A1/%E5%9C%8B%E9%9A%9B%E5%AD%B8%E6%A0%A1%E2%94%82%E4%B8%80%E6%A2%9D%E9%BE%8Dib%E7%8B%80%E5%85%83%E6%90%96%E7%B1%83-%E6%BB%AC%E6%B1%9F%E7%B6%AD%E5%A4%9A%E5%88%A9%E4%BA%9E%E5%AD%B8%E6%A0%A1-%E5%8D%B3/,primary,
PIS-01,2027-2028,second_interview,6,第二面,,,true,tbd,https://gostudy.hk/49064/%E5%9C%8B%E9%9A%9B%E5%AD%B8%E6%A0%A1/%E5%9C%8B%E9%9A%9B%E5%AD%B8%E6%A0%A1%E2%94%82%E4%B8%80%E6%A2%9D%E9%BE%8Dib%E7%8B%80%E5%85%83%E6%90%96%E7%B1%83-%E6%BB%AC%E6%B1%9F%E7%B6%AD%E5%A4%9A%E5%88%A9%E4%BA%9E%E5%AD%B8%E6%A0%A1-%E5%8D%B3/,primary,
PIS-01,2027-2028,result_release,7,結果公佈,2026-05-22T00:00:00+08:00,2026-05-30T00:00:00+08:00,true,confirmed,https://gostudy.hk/49064/%E5%9C%8B%E9%9A%9B%E5%AD%B8%E6%A0%A1/%E5%9C%8B%E9%9A%9B%E5%AD%B8%E6%A0%A1%E2%94%82%E4%B8%80%E6%A2%9D%E9%BE%8Dib%E7%8B%80%E5%85%83%E6%90%96%E7%B1%83-%E6%BB%AC%E6%B1%9F%E7%B6%AD%E5%A4%9A%E5%88%A9%E4%BA%9E%E5%AD%B8%E6%A0%A1-%E5%8D%B3/,primary,
PIS-02,2027-2028,open_day,1,開放日,NA_EVENT,,true,na,https://academy.isf.edu.hk/index.php/welcome-from-dean-of-admissions/admissions-policy/admissions-timeline/,primary,
PIS-02,2027-2028,info_session,2,簡介會,2026-08-26T10:00:00+08:00,2026-08-26T12:15:00+08:00,false,confirmed,https://academy.isf.edu.hk/index.php/welcome-from-dean-of-admissions/admissions-policy/admissions-timeline/,primary,
PIS-02,2027-2028,application_open,3,申請開始,2026-08-01T00:00:00+08:00,,true,confirmed,https://academy.isf.edu.hk/index.php/welcome-from-dean-of-admissions/admissions-policy/admissions-timeline/,primary,
PIS-02,2027-2028,application_deadline,4,申請截止,2026-11-05T00:00:00+08:00,,true,confirmed,https://academy.isf.edu.hk/index.php/welcome-from-dean-of-admissions/admissions-policy/admissions-timeline/,primary,
PIS-02,2027-2028,first_interview,5,第一面,2026-11-19T00:00:00+08:00,2026-11-24T00:00:00+08:00,true,confirmed,https://academy.isf.edu.hk/index.php/welcome-from-dean-of-admissions/admissions-policy/admissions-timeline/,primary,
PIS-02,2027-2028,second_interview,6,第二面,,,true,tbd,https://academy.isf.edu.hk/index.php/welcome-from-dean-of-admissions/admissions-policy/admissions-timeline/,primary,
PIS-02,2027-2028,result_release,7,結果公佈,2027-02-26T00:00:00+08:00,,true,confirmed,https://academy.isf.edu.hk/index.php/welcome-from-dean-of-admissions/admissions-policy/admissions-timeline/,primary,
PIS-02,2027-2028,other,8,簡介會(第二場),2026-09-01T10:15:00+08:00,2026-09-01T12:30:00+08:00,false,confirmed,https://academy.isf.edu.hk/index.php/welcome-from-dean-of-admissions/admissions-policy/admissions-timeline/,primary,
PIS-02,2027-2028,other,9,簡介會(第三場),2026-09-04T10:00:00+08:00,2026-09-04T12:15:00+08:00,false,confirmed,https://academy.isf.edu.hk/index.php/welcome-from-dean-of-admissions/admissions-policy/admissions-timeline/,primary,
PIS-02,2027-2028,other,10,簡介會(第四場),2026-09-10T10:15:00+08:00,2026-09-10T12:30:00+08:00,false,confirmed,https://academy.isf.edu.hk/index.php/welcome-from-dean-of-admissions/admissions-policy/admissions-timeline/,primary,
PIS-03,2027-2028,open_day,1,開放日,,,true,tbd,http://cky.edu.hk/admissions/admissions-news/,primary,
PIS-03,2027-2028,info_session,2,簡介會,,,true,tbd,http://cky.edu.hk/admissions/admissions-news/,primary,
PIS-03,2027-2028,application_open,3,申請開始,,,true,tbd,http://cky.edu.hk/admissions/admissions-news/,primary,
PIS-03,2027-2028,application_deadline,4,申請截止,,,true,tbd,http://cky.edu.hk/admissions/admissions-news/,primary,
PIS-03,2027-2028,first_interview,5,第一面,,,true,tbd,http://cky.edu.hk/admissions/admissions-news/,primary,
PIS-03,2027-2028,second_interview,6,第二面,,,true,tbd,http://cky.edu.hk/admissions/admissions-news/,primary,
PIS-03,2027-2028,result_release,7,結果公佈,,,true,tbd,http://cky.edu.hk/admissions/admissions-news/,primary,
PIS-04,2027-2028,open_day,1,開放日,,,true,tbd,https://join-us.esf.edu.hk/zh-hant/primary-secondary-online-application/,primary,
PIS-04,2027-2028,info_session,2,簡介會,,,true,tbd,https://join-us.esf.edu.hk/zh-hant/primary-secondary-online-application/,primary,
PIS-04,2027-2028,application_open,3,申請開始,2026-09-01T00:00:00+08:00,,true,confirmed,https://join-us.esf.edu.hk/zh-hant/primary-secondary-online-application/,primary,
PIS-04,2027-2028,application_deadline,4,申請截止,2026-09-30T00:00:00+08:00,,true,confirmed,https://join-us.esf.edu.hk/zh-hant/primary-secondary-online-application/,primary,
PIS-04,2027-2028,first_interview,5,第一面,,,true,tbd,https://join-us.esf.edu.hk/zh-hant/primary-secondary-online-application/,primary,
PIS-04,2027-2028,second_interview,6,第二面,,,true,tbd,https://join-us.esf.edu.hk/zh-hant/primary-secondary-online-application/,primary,
PIS-04,2027-2028,result_release,7,結果公佈,,,true,tbd,https://join-us.esf.edu.hk/zh-hant/primary-secondary-online-application/,primary,
PIS-05,2027-2028,open_day,1,開放日,,,true,tbd,https://join-us.esf.edu.hk/zh-hant/primary-secondary-online-application/,primary,
PIS-05,2027-2028,info_session,2,簡介會,,,true,tbd,https://join-us.esf.edu.hk/zh-hant/primary-secondary-online-application/,primary,
PIS-05,2027-2028,application_open,3,申請開始,2026-09-01T00:00:00+08:00,,true,confirmed,https://join-us.esf.edu.hk/zh-hant/primary-secondary-online-application/,primary,
PIS-05,2027-2028,application_deadline,4,申請截止,2026-09-30T00:00:00+08:00,,true,confirmed,https://join-us.esf.edu.hk/zh-hant/primary-secondary-online-application/,primary,
PIS-05,2027-2028,first_interview,5,第一面,,,true,tbd,https://join-us.esf.edu.hk/zh-hant/primary-secondary-online-application/,primary,
PIS-05,2027-2028,second_interview,6,第二面,,,true,tbd,https://join-us.esf.edu.hk/zh-hant/primary-secondary-online-application/,primary,
PIS-05,2027-2028,result_release,7,結果公佈,,,true,tbd,https://join-us.esf.edu.hk/zh-hant/primary-secondary-online-application/,primary,
PIS-06,2027-2028,open_day,1,開放日,,,true,tbd,https://www.ics.edu.hk/admissions/,primary,true
PIS-06,2027-2028,info_session,2,簡介會,,,true,tbd,https://www.ics.edu.hk/admissions/,primary,true
PIS-06,2027-2028,application_open,3,申請開始,,,true,tbd,https://www.ics.edu.hk/admissions/,primary,true
PIS-06,2027-2028,application_deadline,4,申請截止,,,true,tbd,https://www.ics.edu.hk/admissions/,primary,true
PIS-06,2027-2028,first_interview,5,第一面,,,true,tbd,https://www.ics.edu.hk/admissions/,primary,true
PIS-06,2027-2028,second_interview,6,第二面,,,true,tbd,https://www.ics.edu.hk/admissions/,primary,true
PIS-06,2027-2028,result_release,7,結果公佈,,,true,tbd,https://www.ics.edu.hk/admissions/,primary,true
PIS-07,2027-2028,open_day,1,開放日,,,true,tbd,https://www.ycis-hk.com/admissions,primary,true
PIS-07,2027-2028,info_session,2,簡介會,,,true,tbd,https://www.ycis-hk.com/admissions,primary,true
PIS-07,2027-2028,application_open,3,申請開始,,,true,tbd,https://www.ycis-hk.com/admissions,primary,true
PIS-07,2027-2028,application_deadline,4,申請截止,,,true,tbd,https://www.ycis-hk.com/admissions,primary,true
PIS-07,2027-2028,first_interview,5,第一面,,,true,tbd,https://www.ycis-hk.com/admissions,primary,true
PIS-07,2027-2028,second_interview,6,第二面,,,true,tbd,https://www.ycis-hk.com/admissions,primary,true
PIS-07,2027-2028,result_release,7,結果公佈,,,true,tbd,https://www.ycis-hk.com/admissions,primary,true
PIS-08,2027-2028,open_day,1,開放日,,,true,tbd,https://hkacademy.edu.hk/application-process/,primary,true
PIS-08,2027-2028,info_session,2,簡介會,,,true,tbd,https://hkacademy.edu.hk/application-process/,primary,true
PIS-08,2027-2028,application_open,3,申請開始,,,true,tbd,https://hkacademy.edu.hk/application-process/,primary,true
PIS-08,2027-2028,application_deadline,4,申請截止,,,true,tbd,https://hkacademy.edu.hk/application-process/,primary,true
PIS-08,2027-2028,first_interview,5,第一面,,,true,tbd,https://hkacademy.edu.hk/application-process/,primary,true
PIS-08,2027-2028,second_interview,6,第二面,,,true,tbd,https://hkacademy.edu.hk/application-process/,primary,true
PIS-08,2027-2028,result_release,7,結果公佈,,,true,tbd,https://hkacademy.edu.hk/application-process/,primary,true
INT-01,2027-2028,open_day,1,開放日,,,true,tbd,https://join-us.esf.edu.hk/zh-hant/primary-secondary-online-application/,primary,
INT-01,2027-2028,info_session,2,簡介會,,,true,tbd,https://join-us.esf.edu.hk/zh-hant/primary-secondary-online-application/,primary,
INT-01,2027-2028,application_open,3,申請開始,2026-09-01T00:00:00+08:00,,true,confirmed,https://join-us.esf.edu.hk/zh-hant/primary-secondary-online-application/,primary,
INT-01,2027-2028,application_deadline,4,申請截止,2026-09-30T00:00:00+08:00,,true,confirmed,https://join-us.esf.edu.hk/zh-hant/primary-secondary-online-application/,primary,
INT-01,2027-2028,first_interview,5,第一面,,,true,tbd,https://join-us.esf.edu.hk/zh-hant/primary-secondary-online-application/,primary,
INT-01,2027-2028,second_interview,6,第二面,,,true,tbd,https://join-us.esf.edu.hk/zh-hant/primary-secondary-online-application/,primary,
INT-01,2027-2028,result_release,7,結果公佈,,,true,tbd,https://join-us.esf.edu.hk/zh-hant/primary-secondary-online-application/,primary,
INT-02,2027-2028,open_day,1,開放日,,,true,tbd,https://join-us.esf.edu.hk/zh-hant/primary-secondary-online-application/,primary,
INT-02,2027-2028,info_session,2,簡介會,,,true,tbd,https://join-us.esf.edu.hk/zh-hant/primary-secondary-online-application/,primary,
INT-02,2027-2028,application_open,3,申請開始,2026-09-01T00:00:00+08:00,,true,confirmed,https://join-us.esf.edu.hk/zh-hant/primary-secondary-online-application/,primary,
INT-02,2027-2028,application_deadline,4,申請截止,2026-09-30T00:00:00+08:00,,true,confirmed,https://join-us.esf.edu.hk/zh-hant/primary-secondary-online-application/,primary,
INT-02,2027-2028,first_interview,5,第一面,,,true,tbd,https://join-us.esf.edu.hk/zh-hant/primary-secondary-online-application/,primary,
INT-02,2027-2028,second_interview,6,第二面,,,true,tbd,https://join-us.esf.edu.hk/zh-hant/primary-secondary-online-application/,primary,
INT-02,2027-2028,result_release,7,結果公佈,,,true,tbd,https://join-us.esf.edu.hk/zh-hant/primary-secondary-online-application/,primary,
INT-03,2027-2028,open_day,1,開放日,,,true,tbd,https://join-us.esf.edu.hk/zh-hant/primary-secondary-online-application/,primary,
INT-03,2027-2028,info_session,2,簡介會,,,true,tbd,https://join-us.esf.edu.hk/zh-hant/primary-secondary-online-application/,primary,
INT-03,2027-2028,application_open,3,申請開始,2026-09-01T00:00:00+08:00,,true,confirmed,https://join-us.esf.edu.hk/zh-hant/primary-secondary-online-application/,primary,
INT-03,2027-2028,application_deadline,4,申請截止,2026-09-30T00:00:00+08:00,,true,confirmed,https://join-us.esf.edu.hk/zh-hant/primary-secondary-online-application/,primary,
INT-03,2027-2028,first_interview,5,第一面,,,true,tbd,https://join-us.esf.edu.hk/zh-hant/primary-secondary-online-application/,primary,
INT-03,2027-2028,second_interview,6,第二面,,,true,tbd,https://join-us.esf.edu.hk/zh-hant/primary-secondary-online-application/,primary,
INT-03,2027-2028,result_release,7,結果公佈,,,true,tbd,https://join-us.esf.edu.hk/zh-hant/primary-secondary-online-application/,primary,
INT-04,2027-2028,open_day,1,開放日,,,true,tbd,https://join-us.esf.edu.hk/zh-hant/primary-secondary-online-application/,primary,
INT-04,2027-2028,info_session,2,簡介會,,,true,tbd,https://join-us.esf.edu.hk/zh-hant/primary-secondary-online-application/,primary,
INT-04,2027-2028,application_open,3,申請開始,2026-09-01T00:00:00+08:00,,true,confirmed,https://join-us.esf.edu.hk/zh-hant/primary-secondary-online-application/,primary,
INT-04,2027-2028,application_deadline,4,申請截止,2026-09-30T00:00:00+08:00,,true,confirmed,https://join-us.esf.edu.hk/zh-hant/primary-secondary-online-application/,primary,
INT-04,2027-2028,first_interview,5,第一面,,,true,tbd,https://join-us.esf.edu.hk/zh-hant/primary-secondary-online-application/,primary,
INT-04,2027-2028,second_interview,6,第二面,,,true,tbd,https://join-us.esf.edu.hk/zh-hant/primary-secondary-online-application/,primary,
INT-04,2027-2028,result_release,7,結果公佈,,,true,tbd,https://join-us.esf.edu.hk/zh-hant/primary-secondary-online-application/,primary,
INT-05,2027-2028,open_day,1,開放日,,,true,tbd,https://join-us.esf.edu.hk/zh-hant/primary-secondary-online-application/,primary,
INT-05,2027-2028,info_session,2,簡介會,,,true,tbd,https://join-us.esf.edu.hk/zh-hant/primary-secondary-online-application/,primary,
INT-05,2027-2028,application_open,3,申請開始,2026-09-01T00:00:00+08:00,,true,confirmed,https://join-us.esf.edu.hk/zh-hant/primary-secondary-online-application/,primary,
INT-05,2027-2028,application_deadline,4,申請截止,2026-09-30T00:00:00+08:00,,true,confirmed,https://join-us.esf.edu.hk/zh-hant/primary-secondary-online-application/,primary,
INT-05,2027-2028,first_interview,5,第一面,,,true,tbd,https://join-us.esf.edu.hk/zh-hant/primary-secondary-online-application/,primary,
INT-05,2027-2028,second_interview,6,第二面,,,true,tbd,https://join-us.esf.edu.hk/zh-hant/primary-secondary-online-application/,primary,
INT-05,2027-2028,result_release,7,結果公佈,,,true,tbd,https://join-us.esf.edu.hk/zh-hant/primary-secondary-online-application/,primary,
INT-06,2027-2028,open_day,1,開放日,,,true,tbd,https://join-us.esf.edu.hk/zh-hant/primary-secondary-online-application/,primary,
INT-06,2027-2028,info_session,2,簡介會,,,true,tbd,https://join-us.esf.edu.hk/zh-hant/primary-secondary-online-application/,primary,
INT-06,2027-2028,application_open,3,申請開始,2026-09-01T00:00:00+08:00,,true,confirmed,https://join-us.esf.edu.hk/zh-hant/primary-secondary-online-application/,primary,
INT-06,2027-2028,application_deadline,4,申請截止,2026-09-30T00:00:00+08:00,,true,confirmed,https://join-us.esf.edu.hk/zh-hant/primary-secondary-online-application/,primary,
INT-06,2027-2028,first_interview,5,第一面,,,true,tbd,https://join-us.esf.edu.hk/zh-hant/primary-secondary-online-application/,primary,
INT-06,2027-2028,second_interview,6,第二面,,,true,tbd,https://join-us.esf.edu.hk/zh-hant/primary-secondary-online-application/,primary,
INT-06,2027-2028,result_release,7,結果公佈,,,true,tbd,https://join-us.esf.edu.hk/zh-hant/primary-secondary-online-application/,primary,
INT-07,2027-2028,open_day,1,開放日,,,true,tbd,https://join-us.esf.edu.hk/zh-hant/primary-secondary-online-application/,primary,
INT-07,2027-2028,info_session,2,簡介會,,,true,tbd,https://join-us.esf.edu.hk/zh-hant/primary-secondary-online-application/,primary,
INT-07,2027-2028,application_open,3,申請開始,2026-09-01T00:00:00+08:00,,true,confirmed,https://join-us.esf.edu.hk/zh-hant/primary-secondary-online-application/,primary,
INT-07,2027-2028,application_deadline,4,申請截止,2026-09-30T00:00:00+08:00,,true,confirmed,https://join-us.esf.edu.hk/zh-hant/primary-secondary-online-application/,primary,
INT-07,2027-2028,first_interview,5,第一面,,,true,tbd,https://join-us.esf.edu.hk/zh-hant/primary-secondary-online-application/,primary,
INT-07,2027-2028,second_interview,6,第二面,,,true,tbd,https://join-us.esf.edu.hk/zh-hant/primary-secondary-online-application/,primary,
INT-07,2027-2028,result_release,7,結果公佈,,,true,tbd,https://join-us.esf.edu.hk/zh-hant/primary-secondary-online-application/,primary,
INT-08,2027-2028,open_day,1,開放日,,,true,tbd,https://join-us.esf.edu.hk/zh-hant/primary-secondary-online-application/,primary,
INT-08,2027-2028,info_session,2,簡介會,,,true,tbd,https://join-us.esf.edu.hk/zh-hant/primary-secondary-online-application/,primary,
INT-08,2027-2028,application_open,3,申請開始,2026-09-01T00:00:00+08:00,,true,confirmed,https://join-us.esf.edu.hk/zh-hant/primary-secondary-online-application/,primary,
INT-08,2027-2028,application_deadline,4,申請截止,2026-09-30T00:00:00+08:00,,true,confirmed,https://join-us.esf.edu.hk/zh-hant/primary-secondary-online-application/,primary,
INT-08,2027-2028,first_interview,5,第一面,,,true,tbd,https://join-us.esf.edu.hk/zh-hant/primary-secondary-online-application/,primary,
INT-08,2027-2028,second_interview,6,第二面,,,true,tbd,https://join-us.esf.edu.hk/zh-hant/primary-secondary-online-application/,primary,
INT-08,2027-2028,result_release,7,結果公佈,,,true,tbd,https://join-us.esf.edu.hk/zh-hant/primary-secondary-online-application/,primary,
INT-09,2027-2028,open_day,1,開放日,,,true,tbd,https://www.cis.edu.hk/admissions/admissions-process/primary,primary,
INT-09,2027-2028,info_session,2,簡介會,,,true,tbd,https://www.cis.edu.hk/admissions/admissions-process/primary,primary,
INT-09,2027-2028,application_open,3,申請開始,2026-09-01T00:00:00+08:00,,true,confirmed,https://www.cis.edu.hk/admissions/admissions-process/primary,primary,
INT-09,2027-2028,application_deadline,4,申請截止,2027-02-28T00:00:00+08:00,,true,confirmed,https://www.cis.edu.hk/admissions/admissions-process/primary,primary,
INT-09,2027-2028,first_interview,5,第一面,,,true,tbd,https://www.cis.edu.hk/admissions/admissions-process/primary,primary,
INT-09,2027-2028,second_interview,6,第二面,,,true,tbd,https://www.cis.edu.hk/admissions/admissions-process/primary,primary,
INT-09,2027-2028,result_release,7,結果公佈,,,true,tbd,https://www.cis.edu.hk/admissions/admissions-process/primary,primary,
INT-10,2027-2028,open_day,1,開放日,,,true,tbd,https://www.hkis.edu.hk/admissions/key-dates,primary,
INT-10,2027-2028,info_session,2,簡介會,,,true,tbd,https://www.hkis.edu.hk/admissions/key-dates,primary,
INT-10,2027-2028,application_open,3,申請開始,2026-05-01T00:00:00+08:00,,true,confirmed,https://www.hkis.edu.hk/admissions/key-dates,primary,
INT-10,2027-2028,application_deadline,4,申請截止,2026-10-01T00:00:00+08:00,,true,confirmed,https://www.hkis.edu.hk/admissions/key-dates,primary,
INT-10,2027-2028,first_interview,5,第一面,,,true,tbd,https://www.hkis.edu.hk/admissions/key-dates,primary,
INT-10,2027-2028,second_interview,6,第二面,,,true,tbd,https://www.hkis.edu.hk/admissions/key-dates,primary,
INT-10,2027-2028,result_release,7,結果公佈,,,true,tbd,https://www.hkis.edu.hk/admissions/key-dates,primary,
INT-11,2027-2028,open_day,1,開放日,,,true,tbd,https://www.cdnis.edu.hk/admissions/apply-online,primary,
INT-11,2027-2028,info_session,2,簡介會,,,true,tbd,https://www.cdnis.edu.hk/admissions/apply-online,primary,
INT-11,2027-2028,application_open,3,申請開始,2026-09-01T00:00:00+08:00,,true,confirmed,https://www.cdnis.edu.hk/admissions/apply-online,primary,
INT-11,2027-2028,application_deadline,4,申請截止,2026-10-02T00:00:00+08:00,,true,confirmed,https://www.cdnis.edu.hk/admissions/apply-online,primary,
INT-11,2027-2028,first_interview,5,第一面,,,true,tbd,https://www.cdnis.edu.hk/admissions/apply-online,primary,
INT-11,2027-2028,second_interview,6,第二面,,,true,tbd,https://www.cdnis.edu.hk/admissions/apply-online,primary,
INT-11,2027-2028,result_release,7,結果公佈,,,true,tbd,https://www.cdnis.edu.hk/admissions/apply-online,primary,
INT-12,2027-2028,open_day,1,開放日,,,true,tbd,https://www.harrowhongkong.hk/his/admissions/application-timeline/,primary,
INT-12,2027-2028,info_session,2,簡介會,,,true,tbd,https://www.harrowhongkong.hk/his/admissions/application-timeline/,primary,
INT-12,2027-2028,application_open,3,申請開始,2026-09-01T00:00:00+08:00,,true,confirmed,https://www.harrowhongkong.hk/his/admissions/application-timeline/,primary,
INT-12,2027-2028,application_deadline,4,申請截止,2026-10-10T00:00:00+08:00,,true,confirmed,https://www.harrowhongkong.hk/his/admissions/application-timeline/,primary,
INT-12,2027-2028,first_interview,5,第一面,,,true,tbd,https://www.harrowhongkong.hk/his/admissions/application-timeline/,primary,
INT-12,2027-2028,second_interview,6,第二面,,,true,tbd,https://www.harrowhongkong.hk/his/admissions/application-timeline/,primary,
INT-12,2027-2028,result_release,7,結果公佈,,,true,tbd,https://www.harrowhongkong.hk/his/admissions/application-timeline/,primary,
INT-13,2027-2028,open_day,1,開放日,,,true,tbd,,primary,
INT-13,2027-2028,info_session,2,簡介會,,,true,tbd,,primary,
INT-13,2027-2028,application_open,3,申請開始,,,true,tbd,,primary,
INT-13,2027-2028,application_deadline,4,申請截止,,,true,tbd,,primary,
INT-13,2027-2028,first_interview,5,第一面,,,true,tbd,,primary,
INT-13,2027-2028,second_interview,6,第二面,,,true,tbd,,primary,
INT-13,2027-2028,result_release,7,結果公佈,,,true,tbd,,primary,
INT-14,2027-2028,open_day,1,開放日,,,true,tbd,https://www.singapore.edu.hk/primary-admissions/,primary,
INT-14,2027-2028,info_session,2,簡介會,,,true,tbd,https://www.singapore.edu.hk/primary-admissions/,primary,
INT-14,2027-2028,application_open,3,申請開始,2025-09-01T00:00:00+08:00,,true,confirmed,https://www.singapore.edu.hk/primary-admissions/,primary,
INT-14,2027-2028,application_deadline,4,申請截止,2026-09-30T00:00:00+08:00,,true,confirmed,https://www.singapore.edu.hk/primary-admissions/,primary,
INT-14,2027-2028,first_interview,5,第一面,,,true,tbd,https://www.singapore.edu.hk/primary-admissions/,primary,
INT-14,2027-2028,second_interview,6,第二面,,,true,tbd,https://www.singapore.edu.hk/primary-admissions/,primary,
INT-14,2027-2028,result_release,7,結果公佈,,,true,tbd,https://www.singapore.edu.hk/primary-admissions/,primary,
INT-15,2027-2028,open_day,1,開放日,,,true,tbd,https://www.kellettschool.com/admissions/admissions-process,primary,true
INT-15,2027-2028,info_session,2,簡介會,,,true,tbd,https://www.kellettschool.com/admissions/admissions-process,primary,true
INT-15,2027-2028,application_open,3,申請開始,,,true,tbd,https://www.kellettschool.com/admissions/admissions-process,primary,true
INT-15,2027-2028,application_deadline,4,申請截止,,,true,tbd,https://www.kellettschool.com/admissions/admissions-process,primary,true
INT-15,2027-2028,first_interview,5,第一面,,,true,tbd,https://www.kellettschool.com/admissions/admissions-process,primary,true
INT-15,2027-2028,second_interview,6,第二面,,,true,tbd,https://www.kellettschool.com/admissions/admissions-process,primary,true
INT-15,2027-2028,result_release,7,結果公佈,,,true,tbd,https://www.kellettschool.com/admissions/admissions-process,primary,true
INT-16,2027-2028,open_day,1,開放日,,,true,tbd,https://www.ais.edu.hk/admissions,primary,true
INT-16,2027-2028,info_session,2,簡介會,,,true,tbd,https://www.ais.edu.hk/admissions,primary,true
INT-16,2027-2028,application_open,3,申請開始,,,true,tbd,https://www.ais.edu.hk/admissions,primary,true
INT-16,2027-2028,application_deadline,4,申請截止,,,true,tbd,https://www.ais.edu.hk/admissions,primary,true
INT-16,2027-2028,first_interview,5,第一面,,,true,tbd,https://www.ais.edu.hk/admissions,primary,true
INT-16,2027-2028,second_interview,6,第二面,,,true,tbd,https://www.ais.edu.hk/admissions,primary,true
INT-16,2027-2028,result_release,7,結果公佈,,,true,tbd,https://www.ais.edu.hk/admissions,primary,true
INT-17,2027-2028,open_day,1,開放日,,,true,tbd,https://www.caisbv.edu.hk/,primary,
INT-17,2027-2028,info_session,2,簡介會,,,true,tbd,https://www.caisbv.edu.hk/,primary,
INT-17,2027-2028,application_open,3,申請開始,,,true,tbd,https://www.caisbv.edu.hk/,primary,
INT-17,2027-2028,application_deadline,4,申請截止,,,true,tbd,https://www.caisbv.edu.hk/,primary,
INT-17,2027-2028,first_interview,5,第一面,,,true,tbd,https://www.caisbv.edu.hk/,primary,
INT-17,2027-2028,second_interview,6,第二面,,,true,tbd,https://www.caisbv.edu.hk/,primary,
INT-17,2027-2028,result_release,7,結果公佈,,,true,tbd,https://www.caisbv.edu.hk/,primary,
INT-18,2027-2028,open_day,1,開放日,,,true,tbd,https://www.dbis.edu.hk/school-admissions,primary,true
INT-18,2027-2028,info_session,2,簡介會,,,true,tbd,https://www.dbis.edu.hk/school-admissions,primary,true
INT-18,2027-2028,application_open,3,申請開始,,,true,tbd,https://www.dbis.edu.hk/school-admissions,primary,true
INT-18,2027-2028,application_deadline,4,申請截止,,,true,tbd,https://www.dbis.edu.hk/school-admissions,primary,true
INT-18,2027-2028,first_interview,5,第一面,,,true,tbd,https://www.dbis.edu.hk/school-admissions,primary,true
INT-18,2027-2028,second_interview,6,第二面,,,true,tbd,https://www.dbis.edu.hk/school-admissions,primary,true
INT-18,2027-2028,result_release,7,結果公佈,,,true,tbd,https://www.dbis.edu.hk/school-admissions,primary,true
INT-19,2027-2028,open_day,1,開放日,,,true,tbd,https://www.nordangliaeducation.com/nais-hong-kong/admissions,primary,true
INT-19,2027-2028,info_session,2,簡介會,,,true,tbd,https://www.nordangliaeducation.com/nais-hong-kong/admissions,primary,true
INT-19,2027-2028,application_open,3,申請開始,,,true,tbd,https://www.nordangliaeducation.com/nais-hong-kong/admissions,primary,true
INT-19,2027-2028,application_deadline,4,申請截止,,,true,tbd,https://www.nordangliaeducation.com/nais-hong-kong/admissions,primary,true
INT-19,2027-2028,first_interview,5,第一面,,,true,tbd,https://www.nordangliaeducation.com/nais-hong-kong/admissions,primary,true
INT-19,2027-2028,second_interview,6,第二面,,,true,tbd,https://www.nordangliaeducation.com/nais-hong-kong/admissions,primary,true
INT-19,2027-2028,result_release,7,結果公佈,,,true,tbd,https://www.nordangliaeducation.com/nais-hong-kong/admissions,primary,true
INT-20,2027-2028,open_day,1,開放日,,,true,tbd,https://was.edu.hk/admissions/,primary,true
INT-20,2027-2028,info_session,2,簡介會,,,true,tbd,https://was.edu.hk/admissions/,primary,true
INT-20,2027-2028,application_open,3,申請開始,,,true,tbd,https://was.edu.hk/admissions/,primary,true
INT-20,2027-2028,application_deadline,4,申請截止,,,true,tbd,https://was.edu.hk/admissions/,primary,true
INT-20,2027-2028,first_interview,5,第一面,,,true,tbd,https://was.edu.hk/admissions/,primary,true
INT-20,2027-2028,second_interview,6,第二面,,,true,tbd,https://was.edu.hk/admissions/,primary,true
INT-20,2027-2028,result_release,7,結果公佈,,,true,tbd,https://was.edu.hk/admissions/,primary,true
PRV-01,2027-2028,open_day,1,開放日,,,true,tbd,,primary,
PRV-01,2027-2028,info_session,2,簡介會,,,true,tbd,,primary,
PRV-01,2027-2028,application_open,3,申請開始,2026-06-17T00:00:00+08:00,,true,confirmed,,primary,
PRV-01,2027-2028,application_deadline,4,申請截止,2026-08-31T00:00:00+08:00,,true,confirmed,,primary,
PRV-01,2027-2028,first_interview,5,第一面,,,true,tbd,,primary,
PRV-01,2027-2028,second_interview,6,第二面,,,true,tbd,,primary,
PRV-01,2027-2028,result_release,7,結果公佈,,,true,tbd,,primary,
PRV-02,2027-2028,open_day,1,開放日,,,true,tbd,,primary,
PRV-02,2027-2028,info_session,2,簡介會,,,true,tbd,,primary,
PRV-02,2027-2028,application_open,3,申請開始,2026-07-06T09:00:00+08:00,,false,confirmed,,primary,
PRV-02,2027-2028,application_deadline,4,申請截止,2026-08-21T23:59:00+08:00,,false,confirmed,,primary,
PRV-02,2027-2028,first_interview,5,第一面,,,true,tbd,,primary,
PRV-02,2027-2028,second_interview,6,第二面,,,true,tbd,,primary,
PRV-02,2027-2028,result_release,7,結果公佈,,,true,tbd,,primary,
PRV-03,2027-2028,open_day,1,開放日,,,true,tbd,https://www.kauyan.edu.hk/primary/,primary,
PRV-03,2027-2028,info_session,2,簡介會,,,true,tbd,https://www.kauyan.edu.hk/primary/,primary,
PRV-03,2027-2028,application_open,3,申請開始,,,true,tbd,https://www.kauyan.edu.hk/primary/,primary,
PRV-03,2027-2028,application_deadline,4,申請截止,,,true,tbd,https://www.kauyan.edu.hk/primary/,primary,
PRV-03,2027-2028,first_interview,5,第一面,,,true,tbd,https://www.kauyan.edu.hk/primary/,primary,
PRV-03,2027-2028,second_interview,6,第二面,,,true,tbd,https://www.kauyan.edu.hk/primary/,primary,
PRV-03,2027-2028,result_release,7,結果公佈,,,true,tbd,https://www.kauyan.edu.hk/primary/,primary,
PRV-04,2027-2028,open_day,1,開放日,NA_EVENT,,true,na,https://www.sscps.edu.hk/admission,primary,
PRV-04,2027-2028,info_session,2,簡介會,2026-05-30T10:00:00+08:00,2026-05-30T11:30:00+08:00,false,confirmed,https://www.sscps.edu.hk/admission,primary,
PRV-04,2027-2028,application_open,3,申請開始,2026-06-01T00:00:00+08:00,,true,confirmed,https://www.sscps.edu.hk/admission,primary,
PRV-04,2027-2028,application_deadline,4,申請截止,2026-06-26T00:00:00+08:00,,true,confirmed,https://www.sscps.edu.hk/admission,primary,
PRV-04,2027-2028,first_interview,5,第一面,2026-10-09T00:00:00+08:00,2026-10-10T00:00:00+08:00,true,confirmed,https://www.sscps.edu.hk/admission,primary,
PRV-04,2027-2028,second_interview,6,第二面,,,true,tbd,https://www.sscps.edu.hk/admission,primary,
PRV-04,2027-2028,result_release,7,結果公佈,,,true,tbd,https://www.sscps.edu.hk/admission,primary,
PRV-05,2027-2028,open_day,1,開放日,,,true,tbd,,primary,
PRV-05,2027-2028,info_session,2,簡介會,,,true,tbd,,primary,
PRV-05,2027-2028,application_open,3,申請開始,,,true,tbd,,primary,
PRV-05,2027-2028,application_deadline,4,申請截止,,,true,tbd,,primary,
PRV-05,2027-2028,first_interview,5,第一面,,,true,tbd,,primary,
PRV-05,2027-2028,second_interview,6,第二面,,,true,tbd,,primary,
PRV-05,2027-2028,result_release,7,結果公佈,,,true,tbd,,primary,
PRV-06,2027-2028,open_day,1,開放日,NA_EVENT,,true,na,https://pri.scps.edu.hk/admission/,primary,
PRV-06,2027-2028,info_session,2,簡介會,NA_EVENT,,true,na,https://pri.scps.edu.hk/admission/,primary,
PRV-06,2027-2028,application_open,3,申請開始,2026-09-13T00:00:00+08:00,,true,confirmed,https://pri.scps.edu.hk/admission/,primary,
PRV-06,2027-2028,application_deadline,4,申請截止,2026-09-25T00:00:00+08:00,,true,confirmed,https://pri.scps.edu.hk/admission/,primary,
PRV-06,2027-2028,first_interview,5,第一面,2026-10-03T00:00:00+08:00,,true,confirmed,https://pri.scps.edu.hk/admission/,primary,
PRV-06,2027-2028,second_interview,6,第二面,,,true,tbd,https://pri.scps.edu.hk/admission/,primary,
PRV-06,2027-2028,result_release,7,結果公佈,2026-11-02T00:00:00+08:00,,true,confirmed,https://pri.scps.edu.hk/admission/,primary,
PRV-07,2027-2028,open_day,1,開放日,NA_EVENT,,true,na,https://www.stlouisps.edu.hk/tc/%E5%85%A5%E5%AD%B8%E7%94%B3%E8%AB%8B,primary,
PRV-07,2027-2028,info_session,2,簡介會,NA_EVENT,,true,na,https://www.stlouisps.edu.hk/tc/%E5%85%A5%E5%AD%B8%E7%94%B3%E8%AB%8B,primary,
PRV-07,2027-2028,application_open,3,申請開始,2026-09-01T00:00:00+08:00,,true,confirmed,https://www.stlouisps.edu.hk/tc/%E5%85%A5%E5%AD%B8%E7%94%B3%E8%AB%8B,primary,
PRV-07,2027-2028,application_deadline,4,申請截止,2026-10-31T00:00:00+08:00,,true,confirmed,https://www.stlouisps.edu.hk/tc/%E5%85%A5%E5%AD%B8%E7%94%B3%E8%AB%8B,primary,
PRV-07,2027-2028,first_interview,5,第一面,,,true,tbd,https://www.stlouisps.edu.hk/tc/%E5%85%A5%E5%AD%B8%E7%94%B3%E8%AB%8B,primary,
PRV-07,2027-2028,second_interview,6,第二面,,,true,tbd,https://www.stlouisps.edu.hk/tc/%E5%85%A5%E5%AD%B8%E7%94%B3%E8%AB%8B,primary,
PRV-07,2027-2028,result_release,7,結果公佈,,,true,tbd,https://www.stlouisps.edu.hk/tc/%E5%85%A5%E5%AD%B8%E7%94%B3%E8%AB%8B,primary,
PRV-08,2027-2028,open_day,1,開放日,,,true,tbd,https://www.shcsps.edu.hk/CP/pG/53/213/64,primary,
PRV-08,2027-2028,info_session,2,簡介會,,,true,tbd,https://www.shcsps.edu.hk/CP/pG/53/213/64,primary,
PRV-08,2027-2028,application_open,3,申請開始,,,true,tbd,https://www.shcsps.edu.hk/CP/pG/53/213/64,primary,
PRV-08,2027-2028,application_deadline,4,申請截止,,,true,tbd,https://www.shcsps.edu.hk/CP/pG/53/213/64,primary,
PRV-08,2027-2028,first_interview,5,第一面,,,true,tbd,https://www.shcsps.edu.hk/CP/pG/53/213/64,primary,
PRV-08,2027-2028,second_interview,6,第二面,,,true,tbd,https://www.shcsps.edu.hk/CP/pG/53/213/64,primary,
PRV-08,2027-2028,result_release,7,結果公佈,,,true,tbd,https://www.shcsps.edu.hk/CP/pG/53/213/64,primary,
PRV-09,2027-2028,open_day,1,開放日,,,true,tbd,,primary,
PRV-09,2027-2028,info_session,2,簡介會,,,true,tbd,,primary,
PRV-09,2027-2028,application_open,3,申請開始,,,true,tbd,,primary,
PRV-09,2027-2028,application_deadline,4,申請截止,,,true,tbd,,primary,
PRV-09,2027-2028,first_interview,5,第一面,,,true,tbd,,primary,
PRV-09,2027-2028,second_interview,6,第二面,,,true,tbd,,primary,
PRV-09,2027-2028,result_release,7,結果公佈,,,true,tbd,,primary,
PRV-10,2027-2028,open_day,1,開放日,NA_EVENT,,true,na,https://www.kcs.edu.hk/primary-apply2728-p1.htm,primary,
PRV-10,2027-2028,info_session,2,簡介會,NA_EVENT,,true,na,https://www.kcs.edu.hk/primary-apply2728-p1.htm,primary,
PRV-10,2027-2028,application_open,3,申請開始,2026-09-01T00:00:00+08:00,,true,confirmed,https://www.kcs.edu.hk/primary-apply2728-p1.htm,primary,
PRV-10,2027-2028,application_deadline,4,申請截止,2026-09-30T00:00:00+08:00,,true,confirmed,https://www.kcs.edu.hk/primary-apply2728-p1.htm,primary,
PRV-10,2027-2028,first_interview,5,第一面,,,true,tbd,https://www.kcs.edu.hk/primary-apply2728-p1.htm,primary,
PRV-10,2027-2028,second_interview,6,第二面,,,true,tbd,https://www.kcs.edu.hk/primary-apply2728-p1.htm,primary,
PRV-10,2027-2028,result_release,7,結果公佈,,,true,tbd,https://www.kcs.edu.hk/primary-apply2728-p1.htm,primary,
PRV-11,2027-2028,open_day,1,開放日,,,true,tbd,,primary,
PRV-11,2027-2028,info_session,2,簡介會,,,true,tbd,,primary,
PRV-11,2027-2028,application_open,3,申請開始,,,true,tbd,,primary,
PRV-11,2027-2028,application_deadline,4,申請截止,,,true,tbd,,primary,
PRV-11,2027-2028,first_interview,5,第一面,,,true,tbd,,primary,
PRV-11,2027-2028,second_interview,6,第二面,,,true,tbd,,primary,
PRV-11,2027-2028,result_release,7,結果公佈,,,true,tbd,,primary,
PRV-12,2027-2028,open_day,1,開放日,,,true,tbd,https://www.ktlsps.edu.hk/,primary,
PRV-12,2027-2028,info_session,2,簡介會,,,true,tbd,https://www.ktlsps.edu.hk/,primary,
PRV-12,2027-2028,application_open,3,申請開始,,,true,tbd,https://www.ktlsps.edu.hk/,primary,
PRV-12,2027-2028,application_deadline,4,申請截止,,,true,tbd,https://www.ktlsps.edu.hk/,primary,
PRV-12,2027-2028,first_interview,5,第一面,,,true,tbd,https://www.ktlsps.edu.hk/,primary,
PRV-12,2027-2028,second_interview,6,第二面,,,true,tbd,https://www.ktlsps.edu.hk/,primary,
PRV-12,2027-2028,result_release,7,結果公佈,,,true,tbd,https://www.ktlsps.edu.hk/,primary,
PRV-13,2027-2028,open_day,1,開放日,,,true,tbd,,primary,
PRV-13,2027-2028,info_session,2,簡介會,,,true,tbd,,primary,
PRV-13,2027-2028,application_open,3,申請開始,,,true,tbd,,primary,
PRV-13,2027-2028,application_deadline,4,申請截止,,,true,tbd,,primary,
PRV-13,2027-2028,first_interview,5,第一面,,,true,tbd,,primary,
PRV-13,2027-2028,second_interview,6,第二面,,,true,tbd,,primary,
PRV-13,2027-2028,result_release,7,結果公佈,,,true,tbd,,primary,
PRV-14,2027-2028,open_day,1,開放日,,,true,tbd,https://www.ktsps.edu.hk/eng/9/01.html,primary,
PRV-14,2027-2028,info_session,2,簡介會,,,true,tbd,https://www.ktsps.edu.hk/eng/9/01.html,primary,
PRV-14,2027-2028,application_open,3,申請開始,,,true,tbd,https://www.ktsps.edu.hk/eng/9/01.html,primary,
PRV-14,2027-2028,application_deadline,4,申請截止,,,true,tbd,https://www.ktsps.edu.hk/eng/9/01.html,primary,
PRV-14,2027-2028,first_interview,5,第一面,,,true,tbd,https://www.ktsps.edu.hk/eng/9/01.html,primary,
PRV-14,2027-2028,second_interview,6,第二面,,,true,tbd,https://www.ktsps.edu.hk/eng/9/01.html,primary,
PRV-14,2027-2028,result_release,7,結果公佈,,,true,tbd,https://www.ktsps.edu.hk/eng/9/01.html,primary,
PRV-16,2027-2028,open_day,1,開放日,,,true,tbd,https://primary.munsang.edu.hk/,primary,
PRV-16,2027-2028,info_session,2,簡介會,,,true,tbd,https://primary.munsang.edu.hk/,primary,
PRV-16,2027-2028,application_open,3,申請開始,,,true,tbd,https://primary.munsang.edu.hk/,primary,
PRV-16,2027-2028,application_deadline,4,申請截止,,,true,tbd,https://primary.munsang.edu.hk/,primary,
PRV-16,2027-2028,first_interview,5,第一面,,,true,tbd,https://primary.munsang.edu.hk/,primary,
PRV-16,2027-2028,second_interview,6,第二面,,,true,tbd,https://primary.munsang.edu.hk/,primary,
PRV-16,2027-2028,result_release,7,結果公佈,,,true,tbd,https://primary.munsang.edu.hk/,primary,
PRV-18,2027-2028,open_day,1,開放日,,,true,tbd,,primary,
PRV-18,2027-2028,info_session,2,簡介會,,,true,tbd,,primary,
PRV-18,2027-2028,application_open,3,申請開始,2026-07-02T10:00:00+08:00,,false,confirmed,,primary,
PRV-18,2027-2028,application_deadline,4,申請截止,2026-08-05T00:00:00+08:00,,true,confirmed,,primary,
PRV-18,2027-2028,first_interview,5,第一面,,,true,tbd,,primary,
PRV-18,2027-2028,second_interview,6,第二面,,,true,tbd,,primary,
PRV-18,2027-2028,result_release,7,結果公佈,,,true,tbd,,primary,
PRV-19,2027-2028,open_day,1,開放日,,,true,tbd,https://www.ptps.edu.hk/,primary,
PRV-19,2027-2028,info_session,2,簡介會,,,true,tbd,https://www.ptps.edu.hk/,primary,
PRV-19,2027-2028,application_open,3,申請開始,,,true,tbd,https://www.ptps.edu.hk/,primary,
PRV-19,2027-2028,application_deadline,4,申請截止,,,true,tbd,https://www.ptps.edu.hk/,primary,
PRV-19,2027-2028,first_interview,5,第一面,,,true,tbd,https://www.ptps.edu.hk/,primary,
PRV-19,2027-2028,second_interview,6,第二面,,,true,tbd,https://www.ptps.edu.hk/,primary,
PRV-19,2027-2028,result_release,7,結果公佈,,,true,tbd,https://www.ptps.edu.hk/,primary,
PRV-20,2027-2028,open_day,1,開放日,,,true,tbd,,primary,
PRV-20,2027-2028,info_session,2,簡介會,,,true,tbd,,primary,
PRV-20,2027-2028,application_open,3,申請開始,,,true,tbd,,primary,
PRV-20,2027-2028,application_deadline,4,申請截止,,,true,tbd,,primary,
PRV-20,2027-2028,first_interview,5,第一面,,,true,tbd,,primary,
PRV-20,2027-2028,second_interview,6,第二面,,,true,tbd,,primary,
PRV-20,2027-2028,result_release,7,結果公佈,,,true,tbd,,primary,
PRV-15,2027-2028,open_day,1,開放日,NA_EVENT,,true,na,http://krs.school.hk/~primary/application/application.html,primary,
PRV-15,2027-2028,info_session,2,簡介會,NA_EVENT,,true,na,http://krs.school.hk/~primary/application/application.html,primary,
PRV-15,2027-2028,application_open,3,申請開始,2026-04-25T00:00:00+08:00,,true,confirmed,http://krs.school.hk/~primary/application/application.html,primary,
PRV-15,2027-2028,application_deadline,4,申請截止,2026-08-30T00:00:00+08:00,,true,confirmed,http://krs.school.hk/~primary/application/application.html,primary,
PRV-15,2027-2028,first_interview,5,第一面,,,true,tbd,http://krs.school.hk/~primary/application/application.html,primary,
PRV-15,2027-2028,second_interview,6,第二面,,,true,tbd,http://krs.school.hk/~primary/application/application.html,primary,
PRV-15,2027-2028,result_release,7,結果公佈,,,true,tbd,http://krs.school.hk/~primary/application/application.html,primary,
PRV-17,2027-2028,open_day,1,開放日,NA_EVENT,,true,na,https://admission.dgjs.edu.hk/,primary,
PRV-17,2027-2028,info_session,2,簡介會,NA_EVENT,,true,na,https://admission.dgjs.edu.hk/,primary,
PRV-17,2027-2028,application_open,3,申請開始,2026-08-14T00:00:00+08:00,,true,confirmed,https://admission.dgjs.edu.hk/,primary,
PRV-17,2027-2028,application_deadline,4,申請截止,2026-08-25T00:00:00+08:00,,true,confirmed,https://admission.dgjs.edu.hk/,primary,
PRV-17,2027-2028,first_interview,5,第一面,,,true,tbd,https://admission.dgjs.edu.hk/,primary,
PRV-17,2027-2028,second_interview,6,第二面,,,true,tbd,https://admission.dgjs.edu.hk/,primary,
PRV-17,2027-2028,result_release,7,結果公佈,,,true,tbd,https://admission.dgjs.edu.hk/,primary,
PRV-21,2027-2028,open_day,1,開放日,,,true,tbd,https://aogsthilarys.edu.hk/news/,primary,
PRV-21,2027-2028,info_session,2,簡介會,,,true,tbd,https://aogsthilarys.edu.hk/news/,primary,
PRV-21,2027-2028,application_open,3,申請開始,,,true,tbd,https://aogsthilarys.edu.hk/news/,primary,
PRV-21,2027-2028,application_deadline,4,申請截止,,,true,tbd,https://aogsthilarys.edu.hk/news/,primary,
PRV-21,2027-2028,first_interview,5,第一面,,,true,tbd,https://aogsthilarys.edu.hk/news/,primary,
PRV-21,2027-2028,second_interview,6,第二面,,,true,tbd,https://aogsthilarys.edu.hk/news/,primary,
PRV-21,2027-2028,result_release,7,結果公佈,,,true,tbd,https://aogsthilarys.edu.hk/news/,primary,
PRV-22,2027-2028,open_day,1,開放日,,,true,na,,primary,
PRV-22,2027-2028,info_session,2,簡介會,,,true,na,,primary,
PRV-22,2027-2028,application_open,3,申請開始,2026-03-31T09:00:00+08:00,,true,confirmed,https://www.icqm.edu.hk,primary,
PRV-22,2027-2028,application_deadline,4,申請截止,2026-04-26T23:59:00+08:00,,true,confirmed,https://www.icqm.edu.hk,primary,
PRV-22,2027-2028,first_interview,5,第一面,2026-06-18T09:00:00+08:00,2026-06-27T18:00:00+08:00,true,confirmed,https://www.icqm.edu.hk,primary,
PRV-22,2027-2028,second_interview,6,第二面,,,true,tbd,,primary,
PRV-22,2027-2028,result_release,7,結果公佈,,,true,tbd,https://www.icqm.edu.hk,primary,
PRV-23,2027-2028,open_day,1,開放日,,,true,tbd,https://www.ttps.edu.hk/,primary,
PRV-23,2027-2028,info_session,2,簡介會,,,true,tbd,https://www.ttps.edu.hk/,primary,
PRV-23,2027-2028,application_open,3,申請開始,,,true,tbd,https://www.ttps.edu.hk/,primary,
PRV-23,2027-2028,application_deadline,4,申請截止,,,true,tbd,https://www.ttps.edu.hk/,primary,
PRV-23,2027-2028,first_interview,5,第一面,,,true,tbd,https://www.ttps.edu.hk/,primary,
PRV-23,2027-2028,second_interview,6,第二面,,,true,tbd,https://www.ttps.edu.hk/,primary,
PRV-23,2027-2028,result_release,7,結果公佈,,,true,tbd,https://www.ttps.edu.hk/,primary,
PRV-24,2027-2028,open_day,1,開放日,,,true,tbd,https://www.creativeprisch.edu.hk/,primary,
PRV-24,2027-2028,info_session,2,簡介會,,,true,tbd,https://www.creativeprisch.edu.hk/,primary,
PRV-24,2027-2028,application_open,3,申請開始,,,true,tbd,https://www.creativeprisch.edu.hk/,primary,
PRV-24,2027-2028,application_deadline,4,申請截止,,,true,tbd,https://www.creativeprisch.edu.hk/,primary,
PRV-24,2027-2028,first_interview,5,第一面,,,true,tbd,https://www.creativeprisch.edu.hk/,primary,
PRV-24,2027-2028,second_interview,6,第二面,,,true,tbd,https://www.creativeprisch.edu.hk/,primary,
PRV-24,2027-2028,result_release,7,結果公佈,,,true,tbd,https://www.creativeprisch.edu.hk/,primary,
PRV-25,2027-2028,open_day,1,開放日,,,true,tbd,https://www.cs.edu.hk/,primary,
PRV-25,2027-2028,info_session,2,簡介會,,,true,tbd,https://www.cs.edu.hk/,primary,
PRV-25,2027-2028,application_open,3,申請開始,,,true,tbd,https://www.cs.edu.hk/,primary,
PRV-25,2027-2028,application_deadline,4,申請截止,,,true,tbd,https://www.cs.edu.hk/,primary,
PRV-25,2027-2028,first_interview,5,第一面,,,true,tbd,https://www.cs.edu.hk/,primary,
PRV-25,2027-2028,second_interview,6,第二面,,,true,tbd,https://www.cs.edu.hk/,primary,
PRV-25,2027-2028,result_release,7,結果公佈,,,true,tbd,https://www.cs.edu.hk/,primary,
PRV-27,2027-2028,open_day,1,開放日,,,true,tbd,,primary,
PRV-27,2027-2028,info_session,2,簡介會,,,true,tbd,,primary,
PRV-27,2027-2028,application_open,3,申請開始,,,true,tbd,,primary,
PRV-27,2027-2028,application_deadline,4,申請截止,,,true,tbd,,primary,
PRV-27,2027-2028,first_interview,5,第一面,,,true,tbd,,primary,
PRV-27,2027-2028,second_interview,6,第二面,,,true,tbd,,primary,
PRV-27,2027-2028,result_release,7,結果公佈,,,true,tbd,,primary,
PRV-28,2027-2028,open_day,1,開放日,,,true,tbd,https://www.olps.edu.hk/CP/pG/8/9/12,primary,
PRV-28,2027-2028,info_session,2,簡介會,,,true,tbd,https://www.olps.edu.hk/CP/pG/8/9/12,primary,
PRV-28,2027-2028,application_open,3,申請開始,,,true,tbd,https://www.olps.edu.hk/CP/pG/8/9/12,primary,
PRV-28,2027-2028,application_deadline,4,申請截止,,,true,tbd,https://www.olps.edu.hk/CP/pG/8/9/12,primary,
PRV-28,2027-2028,first_interview,5,第一面,,,true,tbd,https://www.olps.edu.hk/CP/pG/8/9/12,primary,
PRV-28,2027-2028,second_interview,6,第二面,,,true,tbd,https://www.olps.edu.hk/CP/pG/8/9/12,primary,
PRV-28,2027-2028,result_release,7,結果公佈,,,true,tbd,https://www.olps.edu.hk/CP/pG/8/9/12,primary,
PRV-29,2027-2028,open_day,1,開放日,,,true,tbd,https://st-johannes.edu.hk/applying-to-sjc/,primary,
PRV-29,2027-2028,info_session,2,簡介會,,,true,tbd,https://st-johannes.edu.hk/applying-to-sjc/,primary,
PRV-29,2027-2028,application_open,3,申請開始,,,true,tbd,https://st-johannes.edu.hk/applying-to-sjc/,primary,
PRV-29,2027-2028,application_deadline,4,申請截止,,,true,tbd,https://st-johannes.edu.hk/applying-to-sjc/,primary,
PRV-29,2027-2028,first_interview,5,第一面,,,true,tbd,https://st-johannes.edu.hk/applying-to-sjc/,primary,
PRV-29,2027-2028,second_interview,6,第二面,,,true,tbd,https://st-johannes.edu.hk/applying-to-sjc/,primary,
PRV-29,2027-2028,result_release,7,結果公佈,,,true,tbd,https://st-johannes.edu.hk/applying-to-sjc/,primary,
PRV-30,2027-2028,open_day,1,開放日,,,true,tbd,,primary,
PRV-30,2027-2028,info_session,2,簡介會,,,true,tbd,,primary,
PRV-30,2027-2028,application_open,3,申請開始,,,true,tbd,,primary,
PRV-30,2027-2028,application_deadline,4,申請截止,,,true,tbd,,primary,
PRV-30,2027-2028,first_interview,5,第一面,,,true,tbd,,primary,
PRV-30,2027-2028,second_interview,6,第二面,,,true,tbd,,primary,
PRV-30,2027-2028,result_release,7,結果公佈,,,true,tbd,,primary,
PRV-26,2027-2028,open_day,1,開放日,NA_EVENT,,true,na,https://www.htps.edu.hk/?page_id=814&lang=zh,primary,
PRV-26,2027-2028,info_session,2,簡介會,NA_EVENT,,true,na,https://www.htps.edu.hk/?page_id=814&lang=zh,primary,
PRV-26,2027-2028,application_open,3,申請開始,2026-08-01T00:00:00+08:00,,true,confirmed,https://www.htps.edu.hk/?page_id=814&lang=zh,primary,
PRV-26,2027-2028,application_deadline,4,申請截止,2026-09-30T00:00:00+08:00,,true,confirmed,https://www.htps.edu.hk/?page_id=814&lang=zh,primary,
PRV-26,2027-2028,first_interview,5,第一面,,,true,tbd,https://www.htps.edu.hk/?page_id=814&lang=zh,primary,
PRV-26,2027-2028,second_interview,6,第二面,,,true,tbd,https://www.htps.edu.hk/?page_id=814&lang=zh,primary,
PRV-26,2027-2028,result_release,7,結果公佈,,,true,tbd,https://www.htps.edu.hk/?page_id=814&lang=zh,primary,
PRV-33,2027-2028,open_day,1,開放日,,,true,tbd,http://www.tnps.edu.hk/,primary,
PRV-33,2027-2028,info_session,2,簡介會,,,true,tbd,http://www.tnps.edu.hk/,primary,
PRV-33,2027-2028,application_open,3,申請開始,,,true,tbd,http://www.tnps.edu.hk/,primary,
PRV-33,2027-2028,application_deadline,4,申請截止,,,true,tbd,http://www.tnps.edu.hk/,primary,
PRV-33,2027-2028,first_interview,5,第一面,,,true,tbd,http://www.tnps.edu.hk/,primary,
PRV-33,2027-2028,second_interview,6,第二面,,,true,tbd,http://www.tnps.edu.hk/,primary,
PRV-33,2027-2028,result_release,7,結果公佈,,,true,tbd,http://www.tnps.edu.hk/,primary,
PRV-34,2027-2028,open_day,1,開放日,,,true,tbd,,primary,
PRV-34,2027-2028,info_session,2,簡介會,,,true,tbd,,primary,
PRV-34,2027-2028,application_open,3,申請開始,,,true,tbd,,primary,
PRV-34,2027-2028,application_deadline,4,申請截止,,,true,tbd,,primary,
PRV-34,2027-2028,first_interview,5,第一面,,,true,tbd,,primary,
PRV-34,2027-2028,second_interview,6,第二面,,,true,tbd,,primary,
PRV-34,2027-2028,result_release,7,結果公佈,,,true,tbd,,primary,
PRV-35,2027-2028,open_day,1,開放日,,,true,tbd,,primary,
PRV-35,2027-2028,info_session,2,簡介會,,,true,tbd,,primary,
PRV-35,2027-2028,application_open,3,申請開始,,,true,tbd,,primary,
PRV-35,2027-2028,application_deadline,4,申請截止,,,true,tbd,,primary,
PRV-35,2027-2028,first_interview,5,第一面,,,true,tbd,,primary,
PRV-35,2027-2028,second_interview,6,第二面,,,true,tbd,,primary,
PRV-35,2027-2028,result_release,7,結果公佈,,,true,tbd,,primary,
PRV-36,2027-2028,open_day,1,開放日,,,true,tbd,,primary,
PRV-36,2027-2028,info_session,2,簡介會,,,true,tbd,,primary,
PRV-36,2027-2028,application_open,3,申請開始,,,true,tbd,,primary,
PRV-36,2027-2028,application_deadline,4,申請截止,,,true,tbd,,primary,
PRV-36,2027-2028,first_interview,5,第一面,,,true,tbd,,primary,
PRV-36,2027-2028,second_interview,6,第二面,,,true,tbd,,primary,
PRV-36,2027-2028,result_release,7,結果公佈,,,true,tbd,,primary,
PRV-37,2027-2028,open_day,1,開放日,,,true,tbd,,primary,
PRV-37,2027-2028,info_session,2,簡介會,,,true,tbd,,primary,
PRV-37,2027-2028,application_open,3,申請開始,,,true,tbd,,primary,
PRV-37,2027-2028,application_deadline,4,申請截止,,,true,tbd,,primary,
PRV-37,2027-2028,first_interview,5,第一面,,,true,tbd,,primary,
PRV-37,2027-2028,second_interview,6,第二面,,,true,tbd,,primary,
PRV-37,2027-2028,result_release,7,結果公佈,,,true,tbd,,primary,
PRV-38,2027-2028,open_day,1,開放日,,,true,tbd,,primary,
PRV-38,2027-2028,info_session,2,簡介會,,,true,tbd,,primary,
PRV-38,2027-2028,application_open,3,申請開始,,,true,tbd,,primary,
PRV-38,2027-2028,application_deadline,4,申請截止,,,true,tbd,,primary,
PRV-38,2027-2028,first_interview,5,第一面,,,true,tbd,,primary,
PRV-38,2027-2028,second_interview,6,第二面,,,true,tbd,,primary,
PRV-38,2027-2028,result_release,7,結果公佈,,,true,tbd,,primary,
PRV-39,2027-2028,open_day,1,開放日,,,true,tbd,https://www.gaiaschool.edu.hk/,primary,
PRV-39,2027-2028,info_session,2,簡介會,,,true,tbd,https://www.gaiaschool.edu.hk/,primary,
PRV-39,2027-2028,application_open,3,申請開始,,,true,tbd,https://www.gaiaschool.edu.hk/,primary,
PRV-39,2027-2028,application_deadline,4,申請截止,,,true,tbd,https://www.gaiaschool.edu.hk/,primary,
PRV-39,2027-2028,first_interview,5,第一面,,,true,tbd,https://www.gaiaschool.edu.hk/,primary,
PRV-39,2027-2028,second_interview,6,第二面,,,true,tbd,https://www.gaiaschool.edu.hk/,primary,
PRV-39,2027-2028,result_release,7,結果公佈,,,true,tbd,https://www.gaiaschool.edu.hk/,primary,
PRV-40,2027-2028,open_day,1,開放日,,,true,tbd,https://dshk.edu.hk/admissions-international-program/,primary,
PRV-40,2027-2028,info_session,2,簡介會,,,true,tbd,https://dshk.edu.hk/admissions-international-program/,primary,
PRV-40,2027-2028,application_open,3,申請開始,,,true,tbd,https://dshk.edu.hk/admissions-international-program/,primary,
PRV-40,2027-2028,application_deadline,4,申請截止,,,true,tbd,https://dshk.edu.hk/admissions-international-program/,primary,
PRV-40,2027-2028,first_interview,5,第一面,,,true,tbd,https://dshk.edu.hk/admissions-international-program/,primary,
PRV-40,2027-2028,second_interview,6,第二面,,,true,tbd,https://dshk.edu.hk/admissions-international-program/,primary,
PRV-40,2027-2028,result_release,7,結果公佈,,,true,tbd,https://dshk.edu.hk/admissions-international-program/,primary,
PRV-31,2027-2028,open_day,1,開放日,NA_EVENT,,true,na,https://www1.ghs.edu.hk/admission/p1_admission/,primary,
PRV-31,2027-2028,info_session,2,簡介會,NA_EVENT,,true,na,https://www1.ghs.edu.hk/admission/p1_admission/,primary,
PRV-31,2027-2028,application_open,3,申請開始,2026-05-04T10:00:00+08:00,,false,confirmed,https://www1.ghs.edu.hk/admission/p1_admission/,primary,
PRV-31,2027-2028,application_deadline,4,申請截止,2026-06-05T16:00:00+08:00,,false,confirmed,https://www1.ghs.edu.hk/admission/p1_admission/,primary,
PRV-31,2027-2028,first_interview,5,第一面,,,true,tbd,https://www1.ghs.edu.hk/admission/p1_admission/,primary,
PRV-31,2027-2028,second_interview,6,第二面,,,true,tbd,https://www1.ghs.edu.hk/admission/p1_admission/,primary,
PRV-31,2027-2028,result_release,7,結果公佈,,,true,tbd,https://www1.ghs.edu.hk/admission/p1_admission/,primary,
PRV-32,2027-2028,open_day,1,開放日,NA_EVENT,,true,na,https://www.sthilarys.edu.hk/2026-05-16-sh-tp-info-day/,primary,
PRV-32,2027-2028,info_session,2,簡介會,NA_EVENT,,true,na,https://www.sthilarys.edu.hk/2026-05-16-sh-tp-info-day/,primary,
PRV-32,2027-2028,application_open,3,申請開始,2026-07-13T00:00:00+08:00,,true,confirmed,https://www.sthilarys.edu.hk/2026-05-16-sh-tp-info-day/,primary,
PRV-32,2027-2028,application_deadline,4,申請截止,2026-10-10T00:00:00+08:00,,true,confirmed,https://www.sthilarys.edu.hk/2026-05-16-sh-tp-info-day/,primary,
PRV-32,2027-2028,first_interview,5,第一面,2026-10-17T00:00:00+08:00,,true,confirmed,https://www.sthilarys.edu.hk/2026-05-16-sh-tp-info-day/,primary,
PRV-32,2027-2028,second_interview,6,第二面,,,true,tbd,https://www.sthilarys.edu.hk/2026-05-16-sh-tp-info-day/,primary,
PRV-32,2027-2028,result_release,7,結果公佈,2026-11-13T00:00:00+08:00,,true,confirmed,https://www.sthilarys.edu.hk/2026-05-16-sh-tp-info-day/,primary,
PRV-44,2027-2028,open_day,1,開放日,,,true,tbd,,primary,
PRV-44,2027-2028,info_session,2,簡介會,,,true,tbd,,primary,
PRV-44,2027-2028,application_open,3,申請開始,,,true,tbd,,primary,
PRV-44,2027-2028,application_deadline,4,申請截止,,,true,tbd,,primary,
PRV-44,2027-2028,first_interview,5,第一面,,,true,tbd,,primary,
PRV-44,2027-2028,second_interview,6,第二面,,,true,tbd,,primary,
PRV-44,2027-2028,result_release,7,結果公佈,,,true,tbd,,primary,
PRV-45,2027-2028,open_day,1,開放日,,,true,tbd,,primary,
PRV-45,2027-2028,info_session,2,簡介會,,,true,tbd,,primary,
PRV-45,2027-2028,application_open,3,申請開始,,,true,tbd,,primary,
PRV-45,2027-2028,application_deadline,4,申請截止,,,true,tbd,,primary,
PRV-45,2027-2028,first_interview,5,第一面,,,true,tbd,,primary,
PRV-45,2027-2028,second_interview,6,第二面,,,true,tbd,,primary,
PRV-45,2027-2028,result_release,7,結果公佈,,,true,tbd,,primary,
PRV-41,2027-2028,open_day,1,開放日,NA_EVENT,,true,na,https://www.sthilarys.edu.hk/2026-05-16-sh-tp-info-day/,primary,
PRV-41,2027-2028,info_session,2,簡介會,NA_EVENT,,true,na,https://www.sthilarys.edu.hk/2026-05-16-sh-tp-info-day/,primary,
PRV-41,2027-2028,application_open,3,申請開始,2026-07-13T00:00:00+08:00,,true,confirmed,https://www.sthilarys.edu.hk/2026-05-16-sh-tp-info-day/,primary,
PRV-41,2027-2028,application_deadline,4,申請截止,2026-10-10T00:00:00+08:00,,true,confirmed,https://www.sthilarys.edu.hk/2026-05-16-sh-tp-info-day/,primary,
PRV-41,2027-2028,first_interview,5,第一面,2026-10-17T00:00:00+08:00,,true,confirmed,https://www.sthilarys.edu.hk/2026-05-16-sh-tp-info-day/,primary,
PRV-41,2027-2028,second_interview,6,第二面,,,true,tbd,https://www.sthilarys.edu.hk/2026-05-16-sh-tp-info-day/,primary,
PRV-41,2027-2028,result_release,7,結果公佈,2026-11-13T00:00:00+08:00,,true,confirmed,https://www.sthilarys.edu.hk/2026-05-16-sh-tp-info-day/,primary,
PRV-42,2027-2028,open_day,1,開放日,,,true,tbd,https://silverminebayschool.edu.hk/admissions/,primary,true
PRV-42,2027-2028,info_session,2,簡介會,,,true,tbd,https://silverminebayschool.edu.hk/admissions/,primary,true
PRV-42,2027-2028,application_open,3,申請開始,,,true,tbd,https://silverminebayschool.edu.hk/admissions/,primary,true
PRV-42,2027-2028,application_deadline,4,申請截止,,,true,tbd,https://silverminebayschool.edu.hk/admissions/,primary,true
PRV-42,2027-2028,first_interview,5,第一面,,,true,tbd,https://silverminebayschool.edu.hk/admissions/,primary,true
PRV-42,2027-2028,second_interview,6,第二面,,,true,tbd,https://silverminebayschool.edu.hk/admissions/,primary,true
PRV-42,2027-2028,result_release,7,結果公佈,,,true,tbd,https://silverminebayschool.edu.hk/admissions/,primary,true
PRV-43,2027-2028,open_day,1,開放日,NA_EVENT,,true,na,https://www.sthilarys.edu.hk/2026-05-16-sh-tp-info-day/,primary,
PRV-43,2027-2028,info_session,2,簡介會,NA_EVENT,,true,na,https://www.sthilarys.edu.hk/2026-05-16-sh-tp-info-day/,primary,
PRV-43,2027-2028,application_open,3,申請開始,2026-07-13T00:00:00+08:00,,true,confirmed,https://www.sthilarys.edu.hk/2026-05-16-sh-tp-info-day/,primary,
PRV-43,2027-2028,application_deadline,4,申請截止,2026-10-10T00:00:00+08:00,,true,confirmed,https://www.sthilarys.edu.hk/2026-05-16-sh-tp-info-day/,primary,
PRV-43,2027-2028,first_interview,5,第一面,2026-10-17T00:00:00+08:00,,true,confirmed,https://www.sthilarys.edu.hk/2026-05-16-sh-tp-info-day/,primary,
PRV-43,2027-2028,second_interview,6,第二面,,,true,tbd,https://www.sthilarys.edu.hk/2026-05-16-sh-tp-info-day/,primary,
PRV-43,2027-2028,result_release,7,結果公佈,2026-11-13T00:00:00+08:00,,true,confirmed,https://www.sthilarys.edu.hk/2026-05-16-sh-tp-info-day/,primary,
INT-01,2027-2028,open_day,1,開放日,,,true,tbd,https://join-us.esf.edu.hk/zh-hant/primary-secondary-online-application/,kindergarten,
INT-01,2027-2028,info_session,2,簡介會,,,true,tbd,https://join-us.esf.edu.hk/zh-hant/primary-secondary-online-application/,kindergarten,
INT-01,2027-2028,application_open,3,申請開始,2026-09-01T00:00:00+08:00,,true,confirmed,https://join-us.esf.edu.hk/zh-hant/primary-secondary-online-application/,kindergarten,
INT-01,2027-2028,application_deadline,4,申請截止,2026-09-30T00:00:00+08:00,,true,confirmed,https://join-us.esf.edu.hk/zh-hant/primary-secondary-online-application/,kindergarten,
INT-01,2027-2028,first_interview,5,第一面,,,true,tbd,https://join-us.esf.edu.hk/zh-hant/primary-secondary-online-application/,kindergarten,
INT-01,2027-2028,second_interview,6,第二面,,,true,tbd,https://join-us.esf.edu.hk/zh-hant/primary-secondary-online-application/,kindergarten,
INT-01,2027-2028,result_release,7,結果公佈,,,true,tbd,https://join-us.esf.edu.hk/zh-hant/primary-secondary-online-application/,kindergarten,
INT-02,2027-2028,open_day,1,開放日,,,true,tbd,https://join-us.esf.edu.hk/zh-hant/primary-secondary-online-application/,kindergarten,
INT-02,2027-2028,info_session,2,簡介會,,,true,tbd,https://join-us.esf.edu.hk/zh-hant/primary-secondary-online-application/,kindergarten,
INT-02,2027-2028,application_open,3,申請開始,2026-09-01T00:00:00+08:00,,true,confirmed,https://join-us.esf.edu.hk/zh-hant/primary-secondary-online-application/,kindergarten,
INT-02,2027-2028,application_deadline,4,申請截止,2026-09-30T00:00:00+08:00,,true,confirmed,https://join-us.esf.edu.hk/zh-hant/primary-secondary-online-application/,kindergarten,
INT-02,2027-2028,first_interview,5,第一面,,,true,tbd,https://join-us.esf.edu.hk/zh-hant/primary-secondary-online-application/,kindergarten,
INT-02,2027-2028,second_interview,6,第二面,,,true,tbd,https://join-us.esf.edu.hk/zh-hant/primary-secondary-online-application/,kindergarten,
INT-02,2027-2028,result_release,7,結果公佈,,,true,tbd,https://join-us.esf.edu.hk/zh-hant/primary-secondary-online-application/,kindergarten,
INT-03,2027-2028,open_day,1,開放日,,,true,tbd,https://join-us.esf.edu.hk/zh-hant/primary-secondary-online-application/,kindergarten,
INT-03,2027-2028,info_session,2,簡介會,,,true,tbd,https://join-us.esf.edu.hk/zh-hant/primary-secondary-online-application/,kindergarten,
INT-03,2027-2028,application_open,3,申請開始,2026-09-01T00:00:00+08:00,,true,confirmed,https://join-us.esf.edu.hk/zh-hant/primary-secondary-online-application/,kindergarten,
INT-03,2027-2028,application_deadline,4,申請截止,2026-09-30T00:00:00+08:00,,true,confirmed,https://join-us.esf.edu.hk/zh-hant/primary-secondary-online-application/,kindergarten,
INT-03,2027-2028,first_interview,5,第一面,,,true,tbd,https://join-us.esf.edu.hk/zh-hant/primary-secondary-online-application/,kindergarten,
INT-03,2027-2028,second_interview,6,第二面,,,true,tbd,https://join-us.esf.edu.hk/zh-hant/primary-secondary-online-application/,kindergarten,
INT-03,2027-2028,result_release,7,結果公佈,,,true,tbd,https://join-us.esf.edu.hk/zh-hant/primary-secondary-online-application/,kindergarten,
INT-04,2027-2028,open_day,1,開放日,,,true,tbd,https://join-us.esf.edu.hk/zh-hant/primary-secondary-online-application/,kindergarten,
INT-04,2027-2028,info_session,2,簡介會,,,true,tbd,https://join-us.esf.edu.hk/zh-hant/primary-secondary-online-application/,kindergarten,
INT-04,2027-2028,application_open,3,申請開始,2026-09-01T00:00:00+08:00,,true,confirmed,https://join-us.esf.edu.hk/zh-hant/primary-secondary-online-application/,kindergarten,
INT-04,2027-2028,application_deadline,4,申請截止,2026-09-30T00:00:00+08:00,,true,confirmed,https://join-us.esf.edu.hk/zh-hant/primary-secondary-online-application/,kindergarten,
INT-04,2027-2028,first_interview,5,第一面,,,true,tbd,https://join-us.esf.edu.hk/zh-hant/primary-secondary-online-application/,kindergarten,
INT-04,2027-2028,second_interview,6,第二面,,,true,tbd,https://join-us.esf.edu.hk/zh-hant/primary-secondary-online-application/,kindergarten,
INT-04,2027-2028,result_release,7,結果公佈,,,true,tbd,https://join-us.esf.edu.hk/zh-hant/primary-secondary-online-application/,kindergarten,
INT-05,2027-2028,open_day,1,開放日,,,true,tbd,https://join-us.esf.edu.hk/zh-hant/primary-secondary-online-application/,kindergarten,
INT-05,2027-2028,info_session,2,簡介會,,,true,tbd,https://join-us.esf.edu.hk/zh-hant/primary-secondary-online-application/,kindergarten,
INT-05,2027-2028,application_open,3,申請開始,2026-09-01T00:00:00+08:00,,true,confirmed,https://join-us.esf.edu.hk/zh-hant/primary-secondary-online-application/,kindergarten,
INT-05,2027-2028,application_deadline,4,申請截止,2026-09-30T00:00:00+08:00,,true,confirmed,https://join-us.esf.edu.hk/zh-hant/primary-secondary-online-application/,kindergarten,
INT-05,2027-2028,first_interview,5,第一面,,,true,tbd,https://join-us.esf.edu.hk/zh-hant/primary-secondary-online-application/,kindergarten,
INT-05,2027-2028,second_interview,6,第二面,,,true,tbd,https://join-us.esf.edu.hk/zh-hant/primary-secondary-online-application/,kindergarten,
INT-05,2027-2028,result_release,7,結果公佈,,,true,tbd,https://join-us.esf.edu.hk/zh-hant/primary-secondary-online-application/,kindergarten,
INT-06,2027-2028,open_day,1,開放日,,,true,tbd,https://join-us.esf.edu.hk/zh-hant/primary-secondary-online-application/,kindergarten,
INT-06,2027-2028,info_session,2,簡介會,,,true,tbd,https://join-us.esf.edu.hk/zh-hant/primary-secondary-online-application/,kindergarten,
INT-06,2027-2028,application_open,3,申請開始,2026-09-01T00:00:00+08:00,,true,confirmed,https://join-us.esf.edu.hk/zh-hant/primary-secondary-online-application/,kindergarten,
INT-06,2027-2028,application_deadline,4,申請截止,2026-09-30T00:00:00+08:00,,true,confirmed,https://join-us.esf.edu.hk/zh-hant/primary-secondary-online-application/,kindergarten,
INT-06,2027-2028,first_interview,5,第一面,,,true,tbd,https://join-us.esf.edu.hk/zh-hant/primary-secondary-online-application/,kindergarten,
INT-06,2027-2028,second_interview,6,第二面,,,true,tbd,https://join-us.esf.edu.hk/zh-hant/primary-secondary-online-application/,kindergarten,
INT-06,2027-2028,result_release,7,結果公佈,,,true,tbd,https://join-us.esf.edu.hk/zh-hant/primary-secondary-online-application/,kindergarten,
INT-07,2027-2028,open_day,1,開放日,,,true,tbd,https://join-us.esf.edu.hk/zh-hant/primary-secondary-online-application/,kindergarten,
INT-07,2027-2028,info_session,2,簡介會,,,true,tbd,https://join-us.esf.edu.hk/zh-hant/primary-secondary-online-application/,kindergarten,
INT-07,2027-2028,application_open,3,申請開始,2026-09-01T00:00:00+08:00,,true,confirmed,https://join-us.esf.edu.hk/zh-hant/primary-secondary-online-application/,kindergarten,
INT-07,2027-2028,application_deadline,4,申請截止,2026-09-30T00:00:00+08:00,,true,confirmed,https://join-us.esf.edu.hk/zh-hant/primary-secondary-online-application/,kindergarten,
INT-07,2027-2028,first_interview,5,第一面,,,true,tbd,https://join-us.esf.edu.hk/zh-hant/primary-secondary-online-application/,kindergarten,
INT-07,2027-2028,second_interview,6,第二面,,,true,tbd,https://join-us.esf.edu.hk/zh-hant/primary-secondary-online-application/,kindergarten,
INT-07,2027-2028,result_release,7,結果公佈,,,true,tbd,https://join-us.esf.edu.hk/zh-hant/primary-secondary-online-application/,kindergarten,
INT-08,2027-2028,open_day,1,開放日,,,true,tbd,https://join-us.esf.edu.hk/zh-hant/primary-secondary-online-application/,kindergarten,
INT-08,2027-2028,info_session,2,簡介會,,,true,tbd,https://join-us.esf.edu.hk/zh-hant/primary-secondary-online-application/,kindergarten,
INT-08,2027-2028,application_open,3,申請開始,2026-09-01T00:00:00+08:00,,true,confirmed,https://join-us.esf.edu.hk/zh-hant/primary-secondary-online-application/,kindergarten,
INT-08,2027-2028,application_deadline,4,申請截止,2026-09-30T00:00:00+08:00,,true,confirmed,https://join-us.esf.edu.hk/zh-hant/primary-secondary-online-application/,kindergarten,
INT-08,2027-2028,first_interview,5,第一面,,,true,tbd,https://join-us.esf.edu.hk/zh-hant/primary-secondary-online-application/,kindergarten,
INT-08,2027-2028,second_interview,6,第二面,,,true,tbd,https://join-us.esf.edu.hk/zh-hant/primary-secondary-online-application/,kindergarten,
INT-08,2027-2028,result_release,7,結果公佈,,,true,tbd,https://join-us.esf.edu.hk/zh-hant/primary-secondary-online-application/,kindergarten,
PIS-04,2027-2028,open_day,1,開放日,,,true,tbd,https://join-us.esf.edu.hk/zh-hant/primary-secondary-online-application/,kindergarten,
PIS-04,2027-2028,info_session,2,簡介會,,,true,tbd,https://join-us.esf.edu.hk/zh-hant/primary-secondary-online-application/,kindergarten,
PIS-04,2027-2028,application_open,3,申請開始,2026-09-01T00:00:00+08:00,,true,confirmed,https://join-us.esf.edu.hk/zh-hant/primary-secondary-online-application/,kindergarten,
PIS-04,2027-2028,application_deadline,4,申請截止,2026-09-30T00:00:00+08:00,,true,confirmed,https://join-us.esf.edu.hk/zh-hant/primary-secondary-online-application/,kindergarten,
PIS-04,2027-2028,first_interview,5,第一面,,,true,tbd,https://join-us.esf.edu.hk/zh-hant/primary-secondary-online-application/,kindergarten,
PIS-04,2027-2028,second_interview,6,第二面,,,true,tbd,https://join-us.esf.edu.hk/zh-hant/primary-secondary-online-application/,kindergarten,
PIS-04,2027-2028,result_release,7,結果公佈,,,true,tbd,https://join-us.esf.edu.hk/zh-hant/primary-secondary-online-application/,kindergarten,
PIS-05,2027-2028,open_day,1,開放日,,,true,tbd,https://join-us.esf.edu.hk/zh-hant/primary-secondary-online-application/,kindergarten,
PIS-05,2027-2028,info_session,2,簡介會,,,true,tbd,https://join-us.esf.edu.hk/zh-hant/primary-secondary-online-application/,kindergarten,
PIS-05,2027-2028,application_open,3,申請開始,2026-09-01T00:00:00+08:00,,true,confirmed,https://join-us.esf.edu.hk/zh-hant/primary-secondary-online-application/,kindergarten,
PIS-05,2027-2028,application_deadline,4,申請截止,2026-09-30T00:00:00+08:00,,true,confirmed,https://join-us.esf.edu.hk/zh-hant/primary-secondary-online-application/,kindergarten,
PIS-05,2027-2028,first_interview,5,第一面,,,true,tbd,https://join-us.esf.edu.hk/zh-hant/primary-secondary-online-application/,kindergarten,
PIS-05,2027-2028,second_interview,6,第二面,,,true,tbd,https://join-us.esf.edu.hk/zh-hant/primary-secondary-online-application/,kindergarten,
PIS-05,2027-2028,result_release,7,結果公佈,,,true,tbd,https://join-us.esf.edu.hk/zh-hant/primary-secondary-online-application/,kindergarten,
INT-09,2027-2028,open_day,1,開放日,,,true,tbd,https://www.cis.edu.hk/admissions/admissions-process/reception,kindergarten,
INT-09,2027-2028,info_session,2,簡介會,,,true,tbd,https://www.cis.edu.hk/admissions/admissions-process/reception,kindergarten,
INT-09,2027-2028,application_open,3,申請開始,2025-09-01T00:00:00+08:00,,true,confirmed,https://www.cis.edu.hk/admissions/admissions-process/reception,kindergarten,
INT-09,2027-2028,application_deadline,4,申請截止,2026-10-01T00:00:00+08:00,,true,confirmed,https://www.cis.edu.hk/admissions/admissions-process/reception,kindergarten,
INT-09,2027-2028,first_interview,5,第一面,,,true,tbd,https://www.cis.edu.hk/admissions/admissions-process/reception,kindergarten,
INT-09,2027-2028,second_interview,6,第二面,,,true,tbd,https://www.cis.edu.hk/admissions/admissions-process/reception,kindergarten,
INT-09,2027-2028,result_release,7,結果公佈,,,true,tbd,https://www.cis.edu.hk/admissions/admissions-process/reception,kindergarten,
INT-10,2027-2028,open_day,1,開放日,,,true,tbd,https://www.hkis.edu.hk/admissions/how-to-apply,kindergarten,
INT-10,2027-2028,info_session,2,簡介會,,,true,tbd,https://www.hkis.edu.hk/admissions/how-to-apply,kindergarten,
INT-10,2027-2028,application_open,3,申請開始,2026-05-01T00:00:00+08:00,,true,confirmed,https://www.hkis.edu.hk/admissions/how-to-apply,kindergarten,
INT-10,2027-2028,application_deadline,4,申請截止,2026-10-01T00:00:00+08:00,,true,confirmed,https://www.hkis.edu.hk/admissions/how-to-apply,kindergarten,
INT-10,2027-2028,first_interview,5,第一面,,,true,tbd,https://www.hkis.edu.hk/admissions/how-to-apply,kindergarten,
INT-10,2027-2028,second_interview,6,第二面,,,true,tbd,https://www.hkis.edu.hk/admissions/how-to-apply,kindergarten,
INT-10,2027-2028,result_release,7,結果公佈,,,true,tbd,https://www.hkis.edu.hk/admissions/how-to-apply,kindergarten,
INT-11,2027-2028,open_day,1,開放日,,,true,tbd,https://www.cdnis.edu.hk/admissions/apply-online,kindergarten,
INT-11,2027-2028,info_session,2,簡介會,,,true,tbd,https://www.cdnis.edu.hk/admissions/apply-online,kindergarten,
INT-11,2027-2028,application_open,3,申請開始,2026-09-01T00:00:00+08:00,,true,confirmed,https://www.cdnis.edu.hk/admissions/apply-online,kindergarten,
INT-11,2027-2028,application_deadline,4,申請截止,2026-10-02T00:00:00+08:00,,true,confirmed,https://www.cdnis.edu.hk/admissions/apply-online,kindergarten,
INT-11,2027-2028,first_interview,5,第一面,,,true,tbd,https://www.cdnis.edu.hk/admissions/apply-online,kindergarten,
INT-11,2027-2028,second_interview,6,第二面,,,true,tbd,https://www.cdnis.edu.hk/admissions/apply-online,kindergarten,
INT-11,2027-2028,result_release,7,結果公佈,,,true,tbd,https://www.cdnis.edu.hk/admissions/apply-online,kindergarten,
INT-12,2027-2028,open_day,1,開放日,,,true,tbd,https://www.harrowhongkong.hk/his/admissions/application-timeline/,kindergarten,
INT-12,2027-2028,info_session,2,簡介會,,,true,tbd,https://www.harrowhongkong.hk/his/admissions/application-timeline/,kindergarten,
INT-12,2027-2028,application_open,3,申請開始,2026-09-01T00:00:00+08:00,,true,confirmed,https://www.harrowhongkong.hk/his/admissions/application-timeline/,kindergarten,
INT-12,2027-2028,application_deadline,4,申請截止,2026-10-10T00:00:00+08:00,,true,confirmed,https://www.harrowhongkong.hk/his/admissions/application-timeline/,kindergarten,
INT-12,2027-2028,first_interview,5,第一面,,,true,tbd,https://www.harrowhongkong.hk/his/admissions/application-timeline/,kindergarten,
INT-12,2027-2028,second_interview,6,第二面,,,true,tbd,https://www.harrowhongkong.hk/his/admissions/application-timeline/,kindergarten,
INT-12,2027-2028,result_release,7,結果公佈,,,true,tbd,https://www.harrowhongkong.hk/his/admissions/application-timeline/,kindergarten,
INT-14,2027-2028,open_day,1,開放日,,,true,tbd,https://www.singapore.edu.hk/preparatory-years-admissions/,kindergarten,
INT-14,2027-2028,info_session,2,簡介會,,,true,tbd,https://www.singapore.edu.hk/preparatory-years-admissions/,kindergarten,
INT-14,2027-2028,application_open,3,申請開始,2025-09-01T00:00:00+08:00,,true,confirmed,https://www.singapore.edu.hk/preparatory-years-admissions/,kindergarten,
INT-14,2027-2028,application_deadline,4,申請截止,2026-09-30T00:00:00+08:00,,true,confirmed,https://www.singapore.edu.hk/preparatory-years-admissions/,kindergarten,
INT-14,2027-2028,first_interview,5,第一面,,,true,tbd,https://www.singapore.edu.hk/preparatory-years-admissions/,kindergarten,
INT-14,2027-2028,second_interview,6,第二面,,,true,tbd,https://www.singapore.edu.hk/preparatory-years-admissions/,kindergarten,
INT-14,2027-2028,result_release,7,結果公佈,,,true,tbd,https://www.singapore.edu.hk/preparatory-years-admissions/,kindergarten,
INT-17,2027-2028,open_day,1,開放日,,,true,tbd,https://www.cais.org/admission/,kindergarten,
INT-17,2027-2028,info_session,2,簡介會,,,true,tbd,https://www.cais.org/admission/,kindergarten,
INT-17,2027-2028,application_open,3,申請開始,,,true,tbd,https://www.cais.org/admission/,kindergarten,
INT-17,2027-2028,application_deadline,4,申請截止,2027-01-15T00:00:00+08:00,,true,confirmed,https://www.cais.org/admission/,kindergarten,
INT-17,2027-2028,first_interview,5,第一面,,,true,tbd,https://www.cais.org/admission/,kindergarten,
INT-17,2027-2028,second_interview,6,第二面,,,true,tbd,https://www.cais.org/admission/,kindergarten,
INT-17,2027-2028,result_release,7,結果公佈,,,true,tbd,https://www.cais.org/admission/,kindergarten,
PIS-02,2027-2028,open_day,1,開放日,,,true,tbd,https://www.isf.edu.hk/admissions/,kindergarten,
PIS-02,2027-2028,info_session,2,簡介會,,,true,tbd,https://www.isf.edu.hk/admissions/,kindergarten,
PIS-02,2027-2028,application_open,3,申請開始,,,true,tbd,https://www.isf.edu.hk/admissions/,kindergarten,
PIS-02,2027-2028,application_deadline,4,申請截止,,,true,tbd,https://www.isf.edu.hk/admissions/,kindergarten,
PIS-02,2027-2028,first_interview,5,第一面,,,true,tbd,https://www.isf.edu.hk/admissions/,kindergarten,
PIS-02,2027-2028,second_interview,6,第二面,,,true,tbd,https://www.isf.edu.hk/admissions/,kindergarten,
PIS-02,2027-2028,result_release,7,結果公佈,,,true,tbd,https://www.isf.edu.hk/admissions/,kindergarten,
INT-15,2027-2028,open_day,1,開放日,,,true,tbd,,kindergarten,true
INT-15,2027-2028,info_session,2,簡介會,,,true,tbd,,kindergarten,true
INT-15,2027-2028,application_open,3,申請開始,,,true,tbd,,kindergarten,true
INT-15,2027-2028,application_deadline,4,申請截止,,,true,tbd,,kindergarten,true
INT-15,2027-2028,first_interview,5,第一面,,,true,tbd,,kindergarten,true
INT-15,2027-2028,second_interview,6,第二面,,,true,tbd,,kindergarten,true
INT-15,2027-2028,result_release,7,結果公佈,,,true,tbd,,kindergarten,true
INT-16,2027-2028,open_day,1,開放日,,,true,tbd,,kindergarten,true
INT-16,2027-2028,info_session,2,簡介會,,,true,tbd,,kindergarten,true
INT-16,2027-2028,application_open,3,申請開始,,,true,tbd,,kindergarten,true
INT-16,2027-2028,application_deadline,4,申請截止,,,true,tbd,,kindergarten,true
INT-16,2027-2028,first_interview,5,第一面,,,true,tbd,,kindergarten,true
INT-16,2027-2028,second_interview,6,第二面,,,true,tbd,,kindergarten,true
INT-16,2027-2028,result_release,7,結果公佈,,,true,tbd,,kindergarten,true
INT-18,2027-2028,open_day,1,開放日,,,true,tbd,,kindergarten,true
INT-18,2027-2028,info_session,2,簡介會,,,true,tbd,,kindergarten,true
INT-18,2027-2028,application_open,3,申請開始,,,true,tbd,,kindergarten,true
INT-18,2027-2028,application_deadline,4,申請截止,,,true,tbd,,kindergarten,true
INT-18,2027-2028,first_interview,5,第一面,,,true,tbd,,kindergarten,true
INT-18,2027-2028,second_interview,6,第二面,,,true,tbd,,kindergarten,true
INT-18,2027-2028,result_release,7,結果公佈,,,true,tbd,,kindergarten,true
INT-19,2027-2028,open_day,1,開放日,,,true,tbd,,kindergarten,true
INT-19,2027-2028,info_session,2,簡介會,,,true,tbd,,kindergarten,true
INT-19,2027-2028,application_open,3,申請開始,,,true,tbd,,kindergarten,true
INT-19,2027-2028,application_deadline,4,申請截止,,,true,tbd,,kindergarten,true
INT-19,2027-2028,first_interview,5,第一面,,,true,tbd,,kindergarten,true
INT-19,2027-2028,second_interview,6,第二面,,,true,tbd,,kindergarten,true
INT-19,2027-2028,result_release,7,結果公佈,,,true,tbd,,kindergarten,true
INT-20,2027-2028,open_day,1,開放日,,,true,tbd,,kindergarten,true
INT-20,2027-2028,info_session,2,簡介會,,,true,tbd,,kindergarten,true
INT-20,2027-2028,application_open,3,申請開始,,,true,tbd,,kindergarten,true
INT-20,2027-2028,application_deadline,4,申請截止,,,true,tbd,,kindergarten,true
INT-20,2027-2028,first_interview,5,第一面,,,true,tbd,,kindergarten,true
INT-20,2027-2028,second_interview,6,第二面,,,true,tbd,,kindergarten,true
INT-20,2027-2028,result_release,7,結果公佈,,,true,tbd,,kindergarten,true
PIS-06,2027-2028,open_day,1,開放日,,,true,tbd,,kindergarten,true
PIS-06,2027-2028,info_session,2,簡介會,,,true,tbd,,kindergarten,true
PIS-06,2027-2028,application_open,3,申請開始,,,true,tbd,,kindergarten,true
PIS-06,2027-2028,application_deadline,4,申請截止,,,true,tbd,,kindergarten,true
PIS-06,2027-2028,first_interview,5,第一面,,,true,tbd,,kindergarten,true
PIS-06,2027-2028,second_interview,6,第二面,,,true,tbd,,kindergarten,true
PIS-06,2027-2028,result_release,7,結果公佈,,,true,tbd,,kindergarten,true
PIS-07,2027-2028,open_day,1,開放日,,,true,tbd,,kindergarten,true
PIS-07,2027-2028,info_session,2,簡介會,,,true,tbd,,kindergarten,true
PIS-07,2027-2028,application_open,3,申請開始,,,true,tbd,,kindergarten,true
PIS-07,2027-2028,application_deadline,4,申請截止,,,true,tbd,,kindergarten,true
PIS-07,2027-2028,first_interview,5,第一面,,,true,tbd,,kindergarten,true
PIS-07,2027-2028,second_interview,6,第二面,,,true,tbd,,kindergarten,true
PIS-07,2027-2028,result_release,7,結果公佈,,,true,tbd,,kindergarten,true
PIS-08,2027-2028,open_day,1,開放日,,,true,tbd,,kindergarten,true
PIS-08,2027-2028,info_session,2,簡介會,,,true,tbd,,kindergarten,true
PIS-08,2027-2028,application_open,3,申請開始,,,true,tbd,,kindergarten,true
PIS-08,2027-2028,application_deadline,4,申請截止,,,true,tbd,,kindergarten,true
PIS-08,2027-2028,first_interview,5,第一面,,,true,tbd,,kindergarten,true
PIS-08,2027-2028,second_interview,6,第二面,,,true,tbd,,kindergarten,true
PIS-08,2027-2028,result_release,7,結果公佈,,,true,tbd,,kindergarten,true
